Nr okr.;TERYT;Powiat;L. obw.;Liczba wyborców;Otrzymane karty;Niewykorzystane karty;Wydane karty;Liczba wyborców głosujących przez pełnomocnika;Liczba wyborców głosujących na podstawie zaświadczenia;Pakiety wyborcze;Koperty zwrotne;Koperty  bez oświadczenia;Niepodpisane oświadczenie;Koperty zwrotne bez koperty na kartę do głosowania;Niezaklejona koperta na kartę do głosowania;Koperty na kartę do głosowania wrzucone do urny;Karty wyjęte z urny;Karty wyjęte z kopert na karty do głosowania;Karty nieważne;Karty ważne;Głosy nieważne;w tym: z powodu postawienia znaku „X” obok nazwiska dwóch lub większej liczby kandydatów z różnych list;w tym: z powodu niepostawienia znaku „X” obok nazwiska żadnego kandydata;w tym: z powodu postawienia znaku „x” wyłącznie obok nazwiska kandydata z listy, której rejestracja została unieważniona;Głosy ważne;1 - Komitet Wyborczy Prawo i Sprawiedliwość;2 - Komitet Wyborczy Platforma Obywatelska RP;3 - Komitet Wyborczy Partia Razem;4 - Komitet Wyborczy KORWiN;5 - Komitet Wyborczy Polskie Stronnictwo Ludowe;6 - Koalicyjny Komitet Wyborczy Zjednoczona Lewica SLD+TR+PPS+UP+Zieloni;7 - Komitet Wyborczy Wyborców „Kukiz'15”;8 - Komitet Wyborczy Nowoczesna Ryszarda Petru;9 - Komitet Wyborczy Wyborców JOW Bezpartyjni;10 - Komitet Wyborczy Wyborców Zbigniewa Stonogi;11 - Komitet Wyborczy Wyborców  Ruch Społeczny Rzeczypospolitej Polskiej;12 - Komitet Wyborczy Wyborców Zjednoczeni dla Śląska;13 - Komitet Wyborczy Samoobrona;14 - Komitet Wyborczy Wyborców Grzegorza Brauna „Szczęść Boże!”;15 - Komitet Wyborczy Kongres Nowej Prawicy;16 - Komitet Wyborczy Wyborców Mniejszość Niemiecka;16 - Komitet Wyborczy Wyborców Obywatele do Parlamentu;;;;;
1;0201;bolesławiecki;64;70.926;54.373;23.478;30.895;20;212;8;8;-;-;-;-;8;30.898;8;2;30.896;1.025;738;259;-;29.871;10.132;7.818;1.053;1.822;1.170;2.865;2.874;2.137;;;;;;;;;;;;;;
2;0202;dzierżoniowski;81;84.099;64.274;26.546;37.728;33;212;33;33;-;-;2;-;31;37.746;31;72;37.674;1.189;818;321;-;36.485;12.334;10.498;1.317;1.511;821;3.712;3.264;2.679;349;;;;;;;;;;;;;
1;0203;głogowski;55;70.579;54.593;18.948;35.645;11;183;13;13;-;-;-;-;13;35.648;13;2;35.646;993;788;181;-;34.653;13.833;8.954;1.270;1.161;707;3.739;2.781;2.208;;;;;;;;;;;;;;
3;0204;górowski;26;28.362;21.699;10.935;10.763;4;52;8;8;-;-;-;-;8;10.768;8;-;10.768;433;303;129;-;10.335;3.472;3.158;330;351;930;600;963;446;;71;;;;14;;;;;;;;
1;0205;jaworski;39;42.026;32.255;14.083;18.172;5;102;10;10;-;-;-;-;10;18.182;10;1;18.181;550;427;115;-;17.631;6.572;3.706;574;756;1.413;1.607;1.900;1.103;;;;;;;;;;;;;;
1;0206;jeleniogórski;55;52.362;39.942;16.304;23.638;16;558;15;15;-;-;-;-;15;23.646;15;-;23.646;750;494;255;-;22.896;5.862;7.359;1.012;987;1.393;2.017;2.036;2.230;;;;;;;;;;;;;;
1;0207;kamiennogórski;34;36.143;27.761;11.724;16.037;8;85;6;6;-;-;-;-;6;16.041;6;-;16.041;609;453;136;-;15.432;4.847;5.205;578;597;336;1.442;1.455;972;;;;;;;;;;;;;;
2;0208;kłodzki;145;134.249;102.643;43.922;58.721;64;1.604;33;31;3;-;-;-;28;58.742;28;1;58.741;2.019;1.487;454;-;56.722;18.367;17.735;1.871;2.429;2.976;4.883;5.032;2.995;434;;;;;;;;;;;;;
1;0209;legnicki;46;43.338;33.050;13.866;19.184;14;93;12;11;-;-;-;-;11;19.193;11;1;19.192;671;521;134;-;18.521;6.816;4.025;671;835;1.431;1.378;1.924;1.441;;;;;;;;;;;;;;
1;0210;lubański;46;45.544;34.856;15.491;19.365;13;240;16;16;-;-;-;-;16;19.378;16;-;19.378;606;413;187;-;18.772;5.892;4.941;805;841;762;2.387;1.951;1.193;;;;;;;;;;;;;;
1;0211;lubiński;75;84.262;64.909;19.836;45.072;16;218;22;20;1;-;-;-;19;45.086;19;9;45.077;1.225;913;299;-;43.852;19.595;8.472;1.315;1.707;1.199;4.632;4.371;2.561;;;;;;;;;;;;;;
1;0212;lwówecki;39;37.828;29.021;14.003;15.018;15;119;8;8;-;-;-;-;8;15.026;8;-;15.026;578;423;152;-;14.448;4.654;3.613;588;630;986;1.457;1.707;813;;;;;;;;;;;;;;
3;0213;milicki;30;29.574;22.535;9.640;12.895;9;64;6;6;-;-;-;-;6;12.897;6;-;12.897;492;320;165;-;12.405;4.951;3.129;371;420;791;932;990;688;;105;;;;28;;;;;;;;
3;0214;oleśnicki;64;84.752;64.219;25.649;38.570;25;182;10;10;-;-;-;-;10;38.571;10;-;38.571;1.366;969;365;-;37.205;11.906;11.751;1.456;1.832;1.447;2.427;3.339;2.696;;260;;;;91;;;;;;;;
3;0215;oławski;50;59.742;45.174;14.652;30.522;12;141;8;8;-;-;-;-;8;30.526;8;-;30.526;892;683;191;-;29.634;10.736;8.833;942;1.404;744;1.781;2.818;2.073;;213;;;;90;;;;;;;;
1;0216;polkowicki;45;49.038;37.423;13.455;23.964;11;98;9;9;-;-;-;-;9;23.973;9;-;23.973;959;745;190;-;23.014;10.561;3.797;717;1.065;1.574;2.222;2.129;949;;;;;;;;;;;;;;
3;0217;strzeliński;35;36.276;27.734;11.646;16.088;11;107;2;2;-;-;-;-;2;16.090;2;-;16.090;593;443;134;-;15.497;6.035;4.010;437;485;1.295;899;1.499;721;;85;;;;31;;;;;;;;
3;0218;średzki;29;41.774;31.508;13.066;18.441;6;125;11;11;-;-;-;-;11;18.450;11;-;18.450;626;451;167;-;17.824;6.103;5.139;618;752;899;1.073;1.881;1.209;;92;;;;58;;;;;;;;
2;0219;świdnicki;113;128.366;97.938;37.069;60.869;56;275;38;35;1;1;-;-;33;60.894;33;2;60.892;1.966;1.413;442;-;58.926;18.601;17.514;1.917;2.866;1.293;4.921;5.632;5.143;1.039;;;;;;;;;;;;;
3;0220;trzebnicki;54;65.796;50.064;19.392;30.671;14;257;12;12;-;-;-;-;12;30.672;12;1;30.671;900;669;209;-;29.771;10.351;8.422;1.140;1.428;1.524;1.637;2.655;2.360;;172;;;;82;;;;;;;;
2;0221;wałbrzyski;50;46.301;35.501;15.593;19.907;15;293;10;10;1;-;-;-;9;19.915;9;-;19.915;712;552;153;-;19.203;5.272;7.252;719;997;628;1.626;1.460;1.107;142;;;;;;;;;;;;;
3;0222;wołowski;34;39.438;30.241;12.856;17.385;4;72;9;9;-;-;-;-;9;17.393;9;-;17.393;671;472;181;-;16.722;6.075;5.259;575;649;486;1.077;1.530;950;;85;;;;36;;;;;;;;
3;0223;wrocławski;85;101.457;76.907;21.473;55.432;26;581;39;38;3;-;-;-;35;55.464;35;5;55.459;1.336;899;388;-;54.123;17.260;15.015;2.042;2.717;2.208;2.565;5.203;6.638;;354;;;;121;;;;;;;;
2;0224;ząbkowicki;74;54.640;41.846;18.802;23.044;28;136;10;9;-;-;-;-;9;23.053;9;-;23.053;856;572;186;-;22.197;7.737;6.651;688;679;1.316;1.544;2.125;1.220;237;;;;;;;;;;;;;
1;0225;zgorzelecki;87;74.143;57.082;24.399;32.683;15;199;14;14;-;-;-;-;14;32.692;14;-;32.692;1.107;830;251;-;31.585;11.396;7.551;1.279;1.340;714;3.970;3.557;1.778;;;;;;;;;;;;;;
1;0226;złotoryjski;43;36.422;27.895;12.794;15.101;6;68;-;-;-;-;-;-;-;15.097;-;-;15.097;571;430;124;-;14.526;5.046;3.958;581;667;659;1.368;1.265;982;;;;;;;;;;;;;;
1;0261;Jelenia Góra;46;65.949;50.886;17.646;33.240;20;456;18;18;1;-;-;-;17;33.249;17;-;33.249;632;386;239;-;32.617;8.824;10.353;1.202;1.320;785;3.751;2.589;3.793;;;;;;;;;;;;;;
1;0262;Legnica;49;78.856;60.384;20.699;39.685;11;231;34;30;1;-;-;-;29;39.702;29;-;39.702;741;496;218;-;38.961;13.340;10.308;1.358;1.699;757;4.463;3.690;3.346;;;;;;;;;;;;;;
3;0264;Wrocław;306;500.890;377.848;74.406;303.459;140;6.077;372;354;12;-;-;-;342;303.661;342;113;303.548;3.693;2.107;1.494;-;299.855;86.434;94.866;14.148;17.303;3.280;18.941;24.848;37.975;;1.342;;;;718;;;;;;;;
2;0265;Wałbrzych;72;91.890;70.797;29.208;41.588;16;175;7;6;-;-;-;-;6;41.585;6;-;41.585;1.023;708;299;-;40.562;10.618;16.774;1.472;1.593;414;3.831;3.121;2.400;339;;;;;;;;;;;;;
5;0401;aleksandrowski;55;45.984;34.475;13.665;20.810;14;1.194;10;10;1;-;-;1;8;20.816;8;-;20.816;784;586;179;-;20.032;7.440;4.744;658;628;1.363;2.292;1.730;1.048;;85;;;44;;;;;;;;;
5;0402;brodnicki;60;60.782;46.402;19.879;26.523;16;172;1;1;-;-;-;-;1;26.517;1;1;26.516;1.045;720;261;-;25.471;9.047;4.734;658;721;3.957;1.874;3.277;1.090;;86;;;27;;;;;;;;;
4;0403;bydgoski;99;86.346;65.091;23.204;41.885;23;189;21;21;2;-;-;-;19;41.901;19;1;41.900;1.118;781;301;-;40.782;11.197;11.987;1.633;2.165;2.283;3.447;3.763;3.989;;318;;;;;;;;;;;;
5;0404;chełmiński;48;40.303;31.045;14.432;16.613;7;57;8;8;-;-;-;-;8;16.620;8;1;16.619;619;419;185;-;16.000;4.998;4.579;572;610;1.161;1.456;1.486;996;;100;;;42;;;;;;;;;
5;0405;golubsko-dobrzyński;32;36.044;27.432;12.689;14.742;11;75;10;10;-;-;-;-;10;14.753;10;-;14.753;549;411;132;-;14.204;5.351;2.782;443;457;1.719;1.356;1.447;507;;80;;;62;;;;;;;;;
5;0406;grudziądzki;42;31.294;23.967;12.213;11.754;6;38;6;6;-;-;-;-;6;11.759;6;-;11.759;409;310;93;-;11.350;3.955;2.620;409;509;1.086;938;1.043;549;;72;;;169;;;;;;;;;
4;0407;inowrocławski;145;131.651;100.469;41.911;58.557;31;570;16;13;-;-;-;-;13;58.566;13;-;58.566;1.974;1.558;393;-;56.592;17.758;16.434;2.089;2.025;3.905;6.485;4.452;3.067;;377;;;;;;;;;;;;
5;0408;lipnowski;68;52.547;40.432;20.190;20.242;24;118;6;6;-;-;-;-;6;20.246;6;-;20.246;1.016;768;232;-;19.230;6.869;2.965;544;617;4.556;1.594;1.369;548;;128;;;40;;;;;;;;;
4;0409;mogileński;46;37.207;28.121;12.599;15.522;11;83;15;13;-;-;-;-;13;15.534;13;-;15.534;658;518;134;-;14.876;4.539;3.491;506;613;2.180;1.508;1.292;661;;86;;;;;;;;;;;;
4;0410;nakielski;82;67.988;51.981;22.275;29.705;18;141;9;9;-;-;-;-;9;29.714;9;-;29.714;1.327;1.010;296;-;28.387;8.336;7.439;1.021;1.366;2.683;3.718;2.116;1.505;;203;;;;;;;;;;;;
5;0411;radziejowski;51;34.224;26.109;13.012;13.097;17;56;5;5;-;-;-;-;5;13.099;5;-;13.099;588;403;172;-;12.511;5.301;2.093;417;368;1.200;1.496;1.088;462;;59;;;27;;;;;;;;;
5;0412;rypiński;45;35.342;26.959;13.550;13.409;23;63;1;1;-;-;-;-;1;13.407;1;-;13.407;495;389;94;-;12.912;5.285;2.643;368;402;1.556;1.017;1.029;548;;49;;;15;;;;;;;;;
4;0413;sępoleński;42;32.392;24.539;11.478;13.061;10;83;4;4;-;-;-;-;4;13.065;4;1;13.064;488;373;106;-;12.576;3.979;3.641;441;377;1.352;1.101;964;611;;110;;;;;;;;;;;;
4;0414;świecki;94;77.695;58.945;26.742;32.202;33;210;19;18;1;-;1;-;17;32.218;17;3;32.215;1.259;947;264;-;30.956;9.365;8.420;1.171;1.572;3.420;2.382;2.702;1.690;;234;;;;;;;;;;;;
5;0415;toruński;67;78.190;59.598;24.187;35.411;21;184;16;14;-;-;-;-;14;35.418;14;1;35.417;1.127;784;298;-;34.290;11.591;9.167;1.311;1.458;1.947;2.900;2.941;2.668;;243;;;64;;;;;;;;;
4;0416;tucholski;51;37.948;28.442;11.883;16.556;16;109;-;-;-;-;-;-;-;16.555;-;-;16.555;641;450;168;-;15.914;5.522;3.738;528;632;1.986;1.059;1.355;971;;123;;;;;;;;;;;;
5;0417;wąbrzeski;29;27.437;21.008;10.477;10.531;8;29;1;1;-;-;-;-;1;10.530;1;-;10.530;408;303;102;-;10.122;3.040;2.493;400;462;866;1.086;1.117;565;;56;;;37;;;;;;;;;
5;0418;włocławski;82;70.138;53.415;27.062;26.353;28;125;3;2;-;-;-;-;2;26.353;2;-;26.353;1.177;866;262;-;25.176;10.199;4.306;876;751;2.452;3.348;2.037;987;;114;;;106;;;;;;;;;
4;0419;żniński;78;56.091;42.276;18.628;23.648;17;115;14;13;-;-;-;-;13;23.659;13;-;23.659;970;726;196;-;22.689;7.057;5.808;783;903;2.126;2.430;1.744;1.698;;140;;;;;;;;;;;;
4;0461;Bydgoszcz;205;276.759;211.576;57.946;153.627;56;1.286;152;149;5;1;2;-;141;153.739;141;2;153.737;2.232;1.437;719;-;151.505;45.271;49.990;5.890;7.349;2.766;15.453;10.692;13.142;;952;;;;;;;;;;;;
5;0462;Grudziądz;54;73.733;57.429;23.012;34.417;22;136;20;20;-;-;1;-;19;34.429;19;-;34.429;770;524;234;-;33.659;9.805;11.532;1.306;1.605;745;3.954;2.520;2.007;;138;;;47;;;;;;;;;
5;0463;Toruń;124;155.767;121.786;34.718;87.066;45;1.038;32;31;3;-;-;-;28;87.083;28;2;87.081;1.320;836;431;-;85.761;26.177;26.978;3.411;4.145;1.078;9.173;5.512;8.628;;613;;;46;;;;;;;;;
5;0464;Włocławek;68;90.717;70.375;27.579;42.794;17;196;18;16;-;-;-;-;16;42.804;16;6;42.798;1.006;701;269;-;41.792;12.645;11.796;1.854;1.401;790;6.519;3.563;2.960;;218;;;46;;;;;;;;;
7;0601;bialski;115;90.444;69.444;27.227;42.216;37;343;7;7;-;-;-;-;7;42.215;7;1;42.214;1.403;1.062;312;-;40.811;19.593;4.686;874;1.734;4.763;4.445;3.572;1.078;;;;;66;;;;;;;;;
7;0602;biłgorajski;98;83.310;64.156;24.171;39.985;45;230;9;7;-;-;-;-;7;39.986;7;3;39.983;966;722;214;-;39.017;21.309;2.951;716;1.854;5.782;1.641;3.697;1.021;;;;;46;;;;;;;;;
7;0603;chełmski;91;64.542;49.357;24.893;24.464;41;141;7;7;-;-;-;-;7;24.470;7;-;24.470;908;652;246;-;23.562;10.881;2.771;719;929;3.145;1.152;3.083;814;;;;;68;;;;;;;;;
7;0604;hrubieszowski;69;55.327;42.742;20.951;21.791;22;165;6;6;2;-;-;-;4;21.793;4;5;21.788;760;557;170;-;21.028;10.096;3.015;466;772;3.226;930;1.952;503;;;;;68;;;;;;;;;
6;0605;janowski;38;38.370;29.510;9.290;20.221;39;84;4;4;-;-;-;-;4;20.221;4;-;20.221;426;303;112;-;19.795;13.515;1.125;255;669;1.668;700;1.390;260;;;14;;151;48;;;;;;;;
7;0606;krasnostawski;93;55.178;42.598;18.825;23.773;14;160;9;9;-;-;-;-;9;23.779;9;2;23.777;690;471;190;-;23.087;10.574;2.393;500;1.507;3.327;1.284;2.107;1.317;;;;;78;;;;;;;;;
6;0607;kraśnicki;86;79.177;60.859;22.930;37.930;39;138;4;3;-;-;-;-;3;37.923;3;-;37.923;1.210;857;315;-;36.713;19.273;5.302;836;1.386;3.852;1.682;3.453;771;;;26;;62;70;;;;;;;;
6;0608;lubartowski;91;71.582;54.970;20.480;34.490;39;166;8;7;-;-;-;-;7;34.485;7;1;34.484;1.021;722;278;-;33.463;16.533;4.333;861;1.718;3.854;1.596;3.272;1.090;;;59;;34;113;;;;;;;;
6;0609;lubelski;129;119.143;91.022;29.975;61.047;39;295;19;19;-;-;-;-;19;61.059;19;-;61.059;1.535;1.118;402;-;59.524;28.737;6.737;1.513;3.177;8.423;2.422;5.633;2.576;;;76;;64;166;;;;;;;;
6;0610;łęczyński;53;45.284;34.635;13.186;21.449;3;122;4;4;-;-;-;-;4;21.449;4;1;21.448;667;494;165;-;20.781;10.137;2.549;634;1.267;1.705;952;2.736;666;;;36;;31;68;;;;;;;;
6;0611;łukowski;98;85.357;65.208;24.123;41.085;27;223;18;18;-;-;-;-;18;41.094;18;-;41.094;1.341;1.019;290;-;39.753;22.656;4.574;773;1.727;3.924;1.565;3.051;1.280;;;71;;41;91;;;;;;;;
6;0612;opolski;62;50.314;38.775;17.492;21.283;10;121;4;2;-;-;-;-;2;21.284;2;1;21.283;780;529;157;-;20.503;10.127;2.465;581;748;2.220;1.442;2.258;534;;;22;;17;89;;;;;;;;
7;0613;parczewski;38;29.496;22.666;9.569;13.097;12;99;1;1;-;-;-;-;1;13.098;1;-;13.098;393;292;96;-;12.705;6.154;1.427;310;533;1.548;863;1.299;555;;;;;16;;;;;;;;;
6;0614;puławski;97;94.962;73.365;23.360;50.184;62;654;26;26;1;-;-;-;25;50.206;25;6;50.200;1.156;791;340;-;49.044;22.546;9.054;1.511;2.327;3.285;2.677;5.122;2.247;;;64;;78;133;;;;;;;;
7;0615;radzyński;55;48.842;37.547;14.438;23.109;21;111;4;3;-;-;-;-;3;23.109;3;-;23.109;671;492;177;-;22.438;11.527;1.798;463;882;4.075;1.044;1.862;746;;;;;41;;;;;;;;;
6;0616;rycki;74;46.660;35.771;12.744;23.027;26;147;9;8;-;-;-;-;8;23.034;8;-;23.034;707;486;181;-;22.327;10.388;2.780;601;824;3.131;1.230;2.574;698;;;33;;22;46;;;;;;;;
6;0617;świdnicki;53;58.358;44.760;14.956;29.804;32;141;8;7;1;-;-;-;6;29.806;6;-;29.806;587;435;145;-;29.219;14.146;4.726;943;1.357;1.872;1.729;3.032;1.316;;;33;;15;50;;;;;;;;
7;0618;tomaszowski;98;70.859;54.717;23.958;30.758;36;171;5;5;-;-;-;-;5;30.762;5;-;30.762;1.022;761;244;-;29.740;14.476;3.613;621;1.001;3.466;1.298;4.398;815;;;;;52;;;;;;;;;
7;0619;włodawski;49;32.949;25.458;11.313;14.145;4;101;3;3;-;-;-;-;3;14.148;3;1;14.147;468;333;117;-;13.679;6.166;2.008;459;564;1.716;1.102;1.152;487;;;;;25;;;;;;;;;
7;0620;zamojski;118;89.370;68.553;28.900;39.652;60;263;6;5;1;-;-;-;4;39.651;4;1;39.650;1.258;909;331;-;38.392;21.378;3.238;908;1.458;4.082;1.630;4.308;1.301;;;;;89;;;;;;;;;
7;0661;Biała Podlaska;29;45.660;35.453;11.231;24.222;17;184;28;27;2;-;-;-;25;24.237;25;-;24.237;406;277;120;-;23.831;9.535;4.177;479;1.247;1.123;4.165;2.099;989;;;;;17;;;;;;;;;
7;0662;Chełm;36;53.083;41.263;15.092;26.171;24;198;12;12;-;-;-;-;12;26.177;12;9;26.168;475;303;164;-;25.693;10.267;5.118;890;1.200;1.313;2.433;3.088;1.351;;;;;33;;;;;;;;;
6;0663;Lublin;208;269.970;208.293;50.079;158.213;72;2.140;133;133;5;-;-;-;128;158.297;128;-;158.297;1.699;1.106;523;-;156.598;63.956;37.247;4.887;9.176;3.799;13.177;12.927;10.720;;;165;;65;479;;;;;;;;
7;0664;Zamość;34;52.588;41.155;15.052;26.103;19;248;20;18;-;-;-;-;18;26.117;18;-;26.117;414;274;134;-;25.703;11.166;4.628;711;1.154;1.123;2.174;2.950;1.768;;;;;29;;;;;;;;;
8;0801;gorzowski;61;54.579;41.646;18.182;23.464;6;128;12;12;1;-;-;-;11;23.474;11;-;23.474;774;589;183;-;22.700;6.621;6.339;897;1.393;1.265;1.973;2.287;1.796;;129;;;;;;;;;;;;
8;0802;krośnieński;50;44.576;34.145;16.796;17.349;11;120;2;2;-;-;-;-;2;17.348;2;-;17.348;696;520;134;-;16.652;4.428;4.330;557;617;1.645;1.849;1.472;1.612;;142;;;;;;;;;;;;
8;0803;międzyrzecki;59;47.151;36.171;16.158;20.013;14;171;5;5;-;-;-;-;5;20.017;5;-;20.017;808;585;223;-;19.209;5.182;5.399;848;694;1.339;2.538;1.740;1.325;;144;;;;;;;;;;;;
8;0804;nowosolski;54;68.590;52.374;22.387;29.986;18;179;24;24;-;-;-;-;24;30.002;24;1;30.001;1.036;800;230;-;28.965;8.913;7.175;1.017;1.235;1.616;2.394;2.404;3.918;;293;;;;;;;;;;;;
8;0805;słubicki;35;36.949;28.100;13.392;14.708;8;161;6;6;-;-;-;-;6;14.712;6;-;14.712;566;450;111;-;14.146;3.778;4.651;534;674;685;1.484;1.347;921;;72;;;;;;;;;;;;
8;0806;strzelecko-drezdenecki;38;39.911;30.344;14.856;15.488;7;120;9;9;-;-;-;-;9;15.496;9;-;15.496;648;496;151;-;14.848;4.281;4.737;563;619;1.109;1.247;1.290;909;;93;;;;;;;;;;;;
8;0807;sulęciński;36;28.521;21.963;10.707;11.256;15;88;1;1;-;-;-;-;1;11.256;1;-;11.256;482;345;126;-;10.774;3.428;2.764;437;510;739;1.252;933;639;;72;;;;;;;;;;;;
8;0808;świebodziński;37;44.237;33.820;14.407;19.412;5;176;6;6;1;-;-;-;5;19.417;5;1;19.416;679;500;144;-;18.737;5.436;5.437;664;1.125;1.204;1.632;1.603;1.506;;130;;;;;;;;;;;;
8;0809;zielonogórski;52;59.716;45.863;19.656;26.207;14;153;12;9;-;-;1;-;8;26.212;8;-;26.212;1.027;786;224;-;25.185;6.344;7.323;1.095;1.206;1.587;2.493;2.382;2.576;;179;;;;;;;;;;;;
8;0810;żagański;55;64.443;49.122;23.580;25.542;11;223;5;5;-;-;-;-;5;25.542;5;-;25.542;973;671;283;-;24.569;7.631;6.650;916;1.048;1.538;2.542;2.268;1.799;;177;;;;;;;;;;;;
8;0811;żarski;67;77.641;59.614;28.473;31.141;21;162;10;10;-;-;1;-;9;31.146;9;-;31.146;1.047;756;273;-;30.099;8.887;8.326;1.189;1.604;1.329;3.431;2.757;2.369;;207;;;;;;;;;;;;
8;0812;wschowski;32;30.826;23.512;10.827;12.685;7;101;9;8;-;-;-;-;8;12.690;8;1;12.689;502;385;108;-;12.187;4.261;3.041;405;610;902;987;956;949;;76;;;;;;;;;;;;
8;0861;Gorzów Wielkopolski;68;96.739;74.891;25.703;49.188;36;300;22;20;1;1;1;1;16;49.195;16;12;49.183;1.027;723;283;-;48.156;13.757;14.325;2.186;3.018;940;4.690;4.593;4.375;;272;;;;;;;;;;;;
8;0862;Zielona Góra;76;106.820;82.532;21.672;60.859;29;467;52;47;-;1;1;-;45;60.885;45;27;60.858;867;566;260;-;59.991;14.930;17.179;2.517;2.921;1.845;6.183;4.252;9.892;;272;;;;;;;;;;;;
10;1001;bełchatowski;72;91.257;70.034;20.052;49.980;25;191;4;4;-;-;-;-;4;49.976;4;-;49.976;1.392;1.017;338;-;48.584;24.715;5.954;1.577;2.723;1.571;3.285;5.991;2.768;;;;;;;;;;;;;;
11;1002;kutnowski;79;82.119;61.534;24.946;36.588;37;164;13;13;-;-;-;-;13;36.596;13;3;36.593;1.145;760;343;-;35.448;15.041;7.877;1.187;1.093;2.187;3.058;3.004;1.647;;232;;;64;58;;;;;;;;
11;1003;łaski;41;41.176;30.565;10.428;20.137;7;150;5;5;-;-;-;-;5;20.136;5;1;20.135;597;416;161;-;19.538;8.079;3.556;706;965;1.571;1.574;1.863;1.077;;91;;;28;28;;;;;;;;
11;1004;łęczycki;49;43.147;32.439;14.746;17.693;11;66;5;5;-;-;-;-;5;17.696;5;5;17.691;767;474;268;-;16.924;7.408;2.870;502;650;1.953;1.372;1.305;698;;93;;;41;32;;;;;;;;
11;1005;łowicki;71;65.541;48.708;16.985;31.723;11;178;15;15;-;-;-;-;15;31.733;15;2;31.731;982;625;322;-;30.749;13.105;4.302;928;1.284;3.467;3.375;2.884;1.145;;117;;;38;104;;;;;;;;
9;1006;łódzki wschodni;75;56.119;43.280;12.031;31.249;16;198;18;18;-;-;-;-;18;31.258;18;-;31.258;666;469;180;-;30.592;12.650;6.732;1.193;1.405;1.274;2.428;2.631;2.279;;;;;;;;;;;;;;
10;1007;opoczyński;73;62.742;47.969;16.303;31.666;26;168;6;5;-;-;-;-;5;31.667;5;-;31.667;1.015;801;199;-;30.652;16.813;3.124;695;828;3.490;1.577;3.244;881;;;;;;;;;;;;;;
11;1008;pabianicki;93;96.445;71.593;19.273;52.319;37;238;17;15;-;-;-;-;15;52.325;15;7;52.318;1.140;781;337;-;51.178;17.548;13.206;2.238;2.471;2.067;4.588;4.635;4.036;;250;;;39;100;;;;;;;;
11;1009;pajęczański;38;42.707;31.786;11.995;19.791;13;110;-;-;-;-;-;-;-;19.783;-;1;19.782;719;490;199;-;19.063;9.901;2.512;531;669;1.421;1.330;1.965;597;;66;;;47;24;;;;;;;;
10;1010;piotrkowski;74;73.087;55.461;19.461;35.999;45;192;2;2;-;-;-;-;2;35.992;2;2;35.990;1.286;1.003;242;-;34.704;18.340;3.485;909;1.158;3.865;2.231;3.507;1.209;;;;;;;;;;;;;;
11;1011;poddębicki;51;34.478;25.421;9.873;15.548;8;128;5;4;1;-;-;-;3;15.551;3;-;15.551;609;436;154;-;14.942;6.775;2.470;414;516;2.110;1.027;988;467;;50;;;104;21;;;;;;;;
10;1012;radomszczański;89;94.236;72.075;28.938;43.137;47;246;24;23;4;-;1;-;18;43.143;18;3;43.140;1.550;1.203;284;-;41.590;19.137;6.937;1.298;1.372;3.249;3.611;3.963;2.023;;;;;;;;;;;;;;
10;1013;rawski;29;39.869;30.385;12.668;17.716;11;80;2;2;-;-;-;-;2;17.718;2;-;17.718;635;437;170;-;17.083;8.203;2.153;469;657;2.304;947;1.584;766;;;;;;;;;;;;;;
11;1014;sieradzki;94;97.160;72.951;27.236;45.714;27;207;26;25;1;-;-;-;24;45.729;24;-;45.729;1.655;1.136;474;-;44.074;18.483;9.354;1.230;1.907;3.460;3.178;4.143;1.744;;228;;;113;234;;;;;;;;
10;1015;skierniewicki;39;30.665;23.420;8.537;14.883;5;53;1;1;-;-;-;-;1;14.883;1;38;14.845;498;347;134;-;14.347;7.530;1.645;440;498;1.806;584;1.375;469;;;;;;;;;;;;;;
10;1016;tomaszowski;79;95.374;72.740;25.738;47.002;27;206;16;14;-;-;-;-;14;47.012;14;1;47.011;1.403;1.018;329;-;45.608;19.701;8.083;1.388;1.726;3.632;2.939;3.942;4.197;;;;;;;;;;;;;;
11;1017;wieluński;79;62.770;46.749;17.412;29.335;24;153;5;5;-;-;-;-;5;29.336;5;3;29.333;943;677;243;-;28.390;11.960;4.821;925;951;3.672;2.123;2.447;1.228;;104;;;102;57;;;;;;;;
11;1018;wieruszowski;38;34.046;25.117;9.959;15.158;14;113;2;1;-;-;-;-;1;15.155;1;-;15.155;523;340;175;-;14.632;5.679;2.780;432;617;1.990;905;1.506;559;;101;;;38;25;;;;;;;;
11;1019;zduńskowolski;42;53.951;40.456;13.627;26.829;14;103;8;8;1;-;-;-;7;26.827;7;-;26.827;684;467;186;-;26.143;9.826;5.603;900;1.177;2.359;1.922;2.647;1.435;;179;;;38;57;;;;;;;;
11;1020;zgierski;127;133.009;99.319;28.961;70.358;40;399;34;33;3;-;-;-;30;70.372;30;12;70.360;1.696;1.169;493;-;68.664;23.818;18.963;3.084;2.871;2.787;5.804;5.586;5.048;;394;;;60;249;;;;;;;;
9;1021;brzeziński;39;24.966;19.276;7.132;12.144;13;84;1;1;-;-;-;-;1;12.142;1;-;12.142;345;241;100;-;11.797;5.294;1.825;428;448;1.296;747;1.123;636;;;;;;;;;;;;;;
9;1061;Łódź;420;561.118;442.127;121.085;321.035;165;2.667;240;229;11;3;-;5;211;321.082;211;88;320.994;4.319;2.656;1.523;-;316.675;89.406;103.776;15.006;15.310;7.140;34.440;22.238;29.359;;;;;;;;;;;;;;
10;1062;Piotrków Trybunalski;41;60.415;46.568;13.947;32.621;21;128;13;11;-;-;-;-;11;32.625;11;-;32.625;622;435;183;-;32.003;12.132;7.051;1.038;1.231;636;4.255;3.405;2.255;;;;;;;;;;;;;;
10;1063;Skierniewice;26;38.370;29.526;7.972;21.554;13;99;11;11;-;-;-;-;11;21.560;11;3;21.557;407;276;115;-;21.150;7.563;5.741;933;967;811;1.923;1.797;1.415;;;;;;;;;;;;;;
15;1201;bocheński;76;82.213;62.676;17.494;45.181;30;274;14;13;-;-;-;-;13;45.188;13;-;45.188;1.477;1.104;317;-;43.711;24.548;5.035;1.137;2.043;3.415;1.106;4.079;2.104;;;;;;159;85;;;;;;;
15;1202;brzeski;74;73.279;56.322;18.669;37.653;32;255;8;8;1;-;-;-;7;37.650;7;-;37.650;1.283;925;309;-;36.367;19.862;4.416;825;1.947;3.280;907;3.599;1.319;;;;;;91;121;;;;;;;
12;1203;chrzanowski;90;101.996;78.452;23.621;54.830;28;219;23;23;1;-;-;-;22;54.840;22;-;54.840;1.558;1.251;264;-;53.282;21.079;13.743;2.251;2.571;1.037;4.229;4.751;3.621;;;;;;;;;;;;;;
15;1204;dąbrowski;54;47.554;36.751;15.254;21.497;22;79;6;5;-;-;-;-;5;21.496;5;-;21.496;719;499;203;-;20.777;12.464;1.427;352;882;3.141;474;1.404;555;;;;;;45;33;;;;;;;
14;1205;gorlicki;97;87.129;66.767;24.151;42.616;30;393;8;8;-;-;-;-;8;42.617;8;-;42.617;1.328;977;326;-;41.289;23.172;6.115;991;1.686;2.438;1.891;3.384;1.283;;177;;;;;152;;;;;;;
13;1206;krakowski;192;211.401;160.245;44.634;115.610;87;769;54;53;2;-;-;-;51;115.643;51;3;115.640;3.098;2.100;884;-;112.542;52.646;21.399;3.468;6.344;5.796;4.638;9.089;8.543;;;;;;322;297;;;;;;;
14;1207;limanowski;102;97.881;74.873;21.482;53.389;44;367;24;23;-;-;-;-;23;53.402;23;-;53.402;1.883;1.450;408;-;51.519;34.384;5.223;997;1.831;2.619;845;3.997;1.243;;253;;;;;127;;;;;;;
13;1208;miechowski;65;40.793;31.262;13.220;18.041;9;103;2;2;-;-;-;-;2;18.042;2;-;18.042;546;363;156;-;17.496;8.589;2.004;451;781;2.159;1.132;1.695;604;;;;;;52;29;;;;;;;
12;1209;myślenicki;82;96.484;73.192;19.750;53.440;25;311;54;53;-;1;1;-;52;53.480;52;-;53.480;1.582;1.252;267;-;51.898;31.292;7.378;1.183;2.638;1.216;1.353;4.127;2.711;;;;;;;;;;;;;;
14;1210;nowosądecki;168;162.019;123.732;33.217;90.515;79;1.323;23;22;-;-;-;-;22;90.511;22;-;90.511;2.985;2.139;766;-;87.526;58.072;8.934;1.673;3.641;4.033;1.574;6.622;2.362;;366;;;;;249;;;;;;;
14;1211;nowotarski;154;147.583;113.512;45.184;68.328;37;897;25;25;-;-;-;-;25;68.340;25;-;68.340;2.520;1.838;607;-;65.820;39.127;9.692;1.429;2.670;2.454;1.423;5.533;2.983;;317;;;;;192;;;;;;;
13;1212;olkuski;87;92.349;70.625;21.896;48.729;27;223;12;12;1;-;-;-;11;48.733;11;3;48.730;1.228;924;274;-;47.502;20.097;9.395;1.465;2.519;1.494;4.415;5.375;2.538;;;;;;98;106;;;;;;;
12;1213;oświęcimski;105;123.988;94.923;23.863;71.058;54;232;77;77;-;-;-;-;77;71.116;77;1;71.115;2.208;1.733;352;-;68.907;29.968;16.312;2.587;2.801;2.092;4.949;5.987;4.211;;;;;;;;;;;;;;
15;1214;proszowicki;41;35.367;27.015;11.574;15.441;20;53;-;-;-;-;-;-;-;15.438;-;-;15.438;525;408;106;-;14.913;6.333;1.482;273;460;3.110;520;2.340;333;;;;;;25;37;;;;;;;
12;1215;suski;60;66.320;50.729;16.585;34.144;18;286;8;7;1;-;-;-;6;34.142;6;1;34.141;1.265;1.010;234;-;32.876;18.850;4.999;794;1.509;1.470;1.182;2.603;1.469;;;;;;;;;;;;;;
15;1216;tarnowski;158;157.495;120.578;40.523;80.055;57;410;57;57;1;-;-;-;56;80.092;56;5;80.087;2.904;2.143;639;-;77.183;45.263;9.179;1.613;3.162;6.185;1.872;7.145;2.306;;;;;;273;185;;;;;;;
14;1217;tatrzański;54;53.826;40.821;14.054;26.767;26;1.337;34;33;1;-;-;-;32;26.788;32;-;26.788;684;487;174;-;26.104;14.079;5.424;606;1.064;621;669;1.884;1.358;;332;;;;;67;;;;;;;
12;1218;wadowicki;105;125.977;96.242;29.496;66.746;57;339;24;23;1;-;-;-;22;66.755;22;-;66.755;2.141;1.727;363;-;64.614;32.024;13.022;2.025;2.570;2.411;2.760;6.083;3.719;;;;;;;;;;;;;;
15;1219;wielicki;82;93.114;70.788;19.592;51.194;16;408;19;17;-;2;-;-;15;51.201;15;-;51.201;1.234;892;317;-;49.967;22.650;10.040;1.490;2.954;2.460;1.633;4.860;3.592;;;;;;188;100;;;;;;;
13;1261;Kraków;494;594.326;459.209;89.581;369.481;217;9.036;468;456;12;14;-;1;442;369.789;442;69;369.720;4.492;2.671;1.614;-;365.228;128.275;100.760;15.669;24.802;5.195;24.458;23.220;41.137;;;;;;900;812;;;;;;;
14;1262;Nowy Sącz;53;65.857;50.906;12.006;38.900;26;222;19;17;1;-;-;-;16;38.901;16;-;38.901;698;496;191;-;38.203;19.176;7.921;931;2.487;764;1.522;2.898;2.239;;161;;;;;104;;;;;;;
15;1263;Tarnów;74;90.581;70.786;21.331;49.455;50;266;46;46;1;-;-;-;45;49.488;45;5;49.483;760;563;178;-;48.723;20.503;11.308;1.392;2.318;1.961;3.421;4.578;3.024;;;;;;125;93;;;;;;;
17;1401;białobrzeski;24;26.932;20.508;7.852;12.656;6;87;4;4;-;-;-;-;4;12.660;4;-;12.660;498;348;124;-;12.162;6.630;1.270;237;390;1.902;397;796;432;;86;;;;;22;;;;;;;
16;1402;ciechanowski;58;72.931;55.850;23.109;32.740;24;154;7;6;-;-;-;-;6;32.741;6;3;32.738;1.027;714;282;-;31.711;13.758;5.052;857;1.282;3.110;3.043;3.202;1.407;;;;;;;;;;;;;;
18;1403;garwoliński;102;85.748;65.394;20.303;45.091;22;247;7;7;1;-;-;-;6;45.089;6;-;45.089;1.352;927;386;-;43.737;26.133;4.944;1.062;1.533;3.171;1.372;3.544;1.624;166;;63;;;125;;;;;;;;
16;1404;gostyniński;49;37.857;29.203;11.976;17.227;12;71;7;7;-;-;-;-;7;17.232;7;-;17.232;654;435;216;-;16.578;7.490;2.879;535;548;1.850;1.136;1.449;691;;;;;;;;;;;;;;
20;1405;grodziski;55;69.756;53.905;12.318;41.564;28;452;32;31;-;-;-;-;31;41.534;31;3;41.531;740;478;248;-;40.791;14.801;10.441;1.783;1.881;1.698;2.512;3.084;4.284;;307;;;;;;;;;;;;
17;1406;grójecki;79;79.533;60.273;21.773;38.499;33;266;10;10;-;-;-;-;10;38.507;10;-;38.507;1.161;836;294;-;37.346;15.693;5.071;999;1.522;7.048;1.924;3.137;1.686;;210;;;;;56;;;;;;;
17;1407;kozienicki;57;51.186;39.364;14.524;24.839;35;167;10;10;-;-;-;-;10;24.849;10;-;24.849;725;538;158;-;24.124;12.426;4.283;700;963;1.327;1.200;2.022;974;;174;;;;;55;;;;;;;
20;1408;legionowski;61;85.984;66.576;13.543;53.007;28;467;61;60;1;-;-;-;59;53.077;59;2;53.075;821;555;240;-;52.254;18.402;16.686;1.872;2.316;1.343;3.330;3.549;4.342;;414;;;;;;;;;;;;
17;1409;lipski;41;29.422;22.700;11.355;11.345;8;70;1;1;-;-;-;-;1;11.345;1;-;11.345;425;282;136;-;10.920;4.960;1.521;274;397;1.566;821;1.016;284;;60;;;;;21;;;;;;;
18;1410;łosicki;33;26.130;19.976;7.652;12.323;14;122;1;1;-;-;-;-;1;12.321;1;-;12.321;336;232;91;-;11.985;6.498;1.035;277;574;1.614;592;934;377;22;;20;;;42;;;;;;;;
18;1411;makowski;50;37.122;28.531;11.533;16.998;10;123;1;1;-;-;-;-;1;16.995;1;-;16.995;643;419;205;-;16.352;8.569;1.794;391;607;2.413;913;1.131;431;47;;15;;;41;;;;;;;;
18;1412;miński;105;117.513;89.413;24.669;64.744;28;487;34;34;3;-;-;-;31;64.759;31;3;64.756;1.548;1.057;446;-;63.208;27.503;13.319;2.211;3.099;3.706;3.184;5.656;4.097;153;;145;;;135;;;;;;;;
16;1413;mławski;60;58.628;44.721;19.831;24.890;17;124;6;6;-;-;-;-;6;24.890;6;2;24.888;1.004;721;239;-;23.884;10.320;3.493;702;1.258;2.996;1.863;2.311;941;;;;;;;;;;;;;;
20;1414;nowodworski;52;62.808;48.468;17.248;31.220;29;272;8;8;-;-;-;-;8;31.221;8;-;31.221;851;606;231;-;30.370;12.153;7.388;1.157;1.402;1.627;2.141;2.393;1.860;;249;;;;;;;;;;;;
18;1415;ostrołęcki;90;69.925;53.600;23.765;29.835;12;115;7;7;-;-;-;-;7;29.838;7;-;29.838;1.133;748;380;-;28.705;15.631;3.117;625;1.185;3.615;771;2.793;785;77;;36;;;70;;;;;;;;
18;1416;ostrowski;72;59.767;45.721;17.373;28.348;49;146;26;26;1;1;-;-;24;28.367;24;-;28.367;698;468;205;-;27.669;16.047;2.603;598;958;3.693;953;1.773;878;85;;20;;;61;;;;;;;;
20;1417;otwocki;81;96.343;74.191;15.711;58.476;35;473;18;18;-;-;-;-;18;58.480;18;6;58.474;1.171;743;362;-;57.303;24.999;11.964;2.108;2.609;3.051;2.860;4.550;4.767;;395;;;;;;;;;;;;
20;1418;piaseczyński;112;130.834;101.012;19.715;81.297;34;1.111;102;100;6;-;1;-;93;81.372;93;7;81.365;1.366;897;415;-;79.999;26.306;21.690;3.055;3.682;3.601;4.848;5.392;10.931;;494;;;;;;;;;;;;
16;1419;płocki;109;88.283;67.315;27.666;39.649;22;144;12;11;-;-;-;-;11;39.644;11;2;39.642;1.673;1.245;409;-;37.969;17.303;4.187;1.165;1.371;6.683;2.548;3.096;1.616;;;;;;;;;;;;;;
16;1420;płoński;74;71.139;54.536;25.455;29.081;19;231;11;11;-;-;-;-;11;29.085;11;-;29.085;1.145;799;318;-;27.940;12.520;4.125;924;1.126;3.317;2.051;2.383;1.494;;;;;;;;;;;;;;
20;1421;pruszkowski;85;124.123;95.569;16.226;79.345;43;761;58;57;2;-;-;-;55;79.353;55;3;79.350;1.144;773;324;-;78.206;27.817;21.125;3.267;3.924;2.169;4.735;5.353;9.269;;547;;;;;;;;;;;;
16;1422;przasnyski;61;42.235;32.490;14.275;18.215;10;101;-;-;-;-;-;-;-;18.212;-;-;18.212;671;481;170;-;17.541;9.073;2.542;397;631;1.820;967;1.515;596;;;;;;;;;;;;;;
17;1423;przysuski;37;35.354;26.867;9.328;17.539;38;137;3;3;-;-;-;-;3;17.538;3;-;17.538;666;460;198;-;16.872;8.402;1.152;257;640;4.460;464;928;364;;178;;;;;27;;;;;;;
18;1424;pułtuski;56;41.280;31.545;10.857;20.689;37;186;4;2;-;-;-;-;2;20.688;2;-;20.688;726;507;195;-;19.962;9.249;1.835;456;602;4.928;819;1.395;592;34;;21;;;31;;;;;;;;
17;1425;radomski;114;119.355;91.002;33.679;57.321;31;221;8;8;-;-;-;-;8;57.317;8;3;57.314;1.933;1.424;474;-;55.381;30.143;7.431;1.353;2.049;4.422;2.180;4.799;2.356;;472;;;;;176;;;;;;;
18;1426;siedlecki;71;64.930;49.356;17.032;32.324;21;126;5;4;-;-;-;-;4;32.327;4;-;32.327;943;630;276;-;31.384;17.514;2.476;652;1.625;3.995;918;2.807;1.118;89;;40;;;150;;;;;;;;
16;1427;sierpecki;50;42.598;32.521;14.469;18.052;31;72;1;1;-;-;-;-;1;18.052;1;1;18.051;751;527;216;-;17.300;8.237;2.106;582;682;2.177;1.528;1.234;754;;;;;;;;;;;;;;
16;1428;sochaczewski;65;67.714;51.318;17.987;33.330;32;181;16;16;-;-;-;-;16;33.343;16;1;33.342;795;569;217;-;32.547;14.718;4.686;1.209;1.348;4.145;1.909;2.542;1.990;;;;;;;;;;;;;;
18;1429;sokołowski;50;45.682;35.026;11.028;23.998;22;154;4;3;-;-;-;-;3;23.996;3;2;23.994;631;400;218;-;23.363;12.326;2.251;511;820;3.490;931;1.846;980;69;;60;;;79;;;;;;;;
17;1430;szydłowiecki;29;32.350;24.699;9.966;14.733;20;52;1;-;-;-;-;-;-;14.731;-;-;14.731;655;488;151;-;14.076;7.670;2.263;388;509;979;560;1.151;434;;83;;;;;39;;;;;;;
20;1432;warszawski zachodni;69;86.366;66.451;13.611;52.840;20;586;62;60;3;-;-;-;57;52.879;57;13;52.866;894;600;277;-;51.972;19.211;14.136;1.997;2.541;1.532;2.749;3.507;5.896;;403;;;;;;;;;;;;
18;1433;węgrowski;56;54.373;41.418;14.884;26.534;22;203;3;2;-;-;-;-;2;26.532;2;-;26.532;859;546;289;-;25.673;13.726;3.592;699;922;2.449;1.146;2.012;870;63;;60;;;134;;;;;;;;
20;1434;wołomiński;153;176.461;135.843;34.146;101.697;42;789;43;41;1;-;-;-;40;101.705;40;11;101.694;1.973;1.370;544;-;99.721;46.666;19.797;3.656;5.231;3.645;4.599;7.590;7.749;;788;;;;;;;;;;;;
18;1435;wyszkowski;66;58.149;44.279;15.872;28.407;24;202;11;11;-;-;-;-;11;28.416;11;-;28.416;870;534;271;-;27.546;14.165;3.484;698;1.101;3.008;1.009;2.510;1.422;52;;45;;;52;;;;;;;;
17;1436;zwoleński;37;29.817;22.846;9.636;13.210;9;98;2;2;-;-;-;-;2;13.209;2;-;13.209;532;374;149;-;12.677;6.536;1.452;301;553;1.898;499;1.024;304;;68;;;;;42;;;;;;;
16;1437;żuromiński;29;32.305;24.702;11.662;13.040;13;56;1;1;-;-;-;-;1;13.040;1;1;13.039;543;401;133;-;12.496;5.315;1.639;285;350;2.072;1.693;843;299;;;;;;;;;;;;;;
16;1438;żyrardowski;61;59.714;45.559;15.117;30.442;13;210;11;11;-;-;-;-;11;30.447;11;1;30.446;832;599;228;-;29.614;12.976;6.409;1.124;1.355;1.029;2.219;2.354;2.148;;;;;;;;;;;;;;
18;1461;Ostrołęka;29;41.727;32.198;10.450;21.748;13;103;15;15;-;-;-;-;15;21.759;15;-;21.759;406;252;145;-;21.353;9.893;4.229;617;1.134;881;1.343;2.076;1.045;55;;20;;;60;;;;;;;;
16;1462;Płock;70;97.815;75.157;21.573;53.585;25;200;25;23;1;1;-;-;21;53.583;21;1;53.582;960;657;303;-;52.622;19.721;12.235;2.282;2.263;2.795;5.483;4.328;3.515;;;;;;;;;;;;;;
17;1463;Radom;114;170.089;130.461;37.132;93.327;29;458;66;60;2;-;-;-;58;93.344;58;11;93.333;1.549;1.016;474;-;91.784;38.298;23.889;2.694;3.747;2.331;5.213;8.276;6.399;;719;;;;;218;;;;;;;
18;1464;Siedlce;43;60.755;46.605;11.861;34.744;18;200;31;31;2;-;-;-;29;34.771;29;-;34.771;468;303;160;-;34.303;14.479;6.179;1.167;2.172;1.433;2.376;2.901;3.167;133;;37;;;259;;;;;;;;
19;1465;Warszawa;887;1.361.838;1.061.693;130.994;930.621;501;19.485;1.317;1.271;78;2;-;-;1.193;931.020;1.193;396;930.624;8.979;5.106;3.363;-;921.645;268.999;269.413;51.188;45.933;7.085;85.710;58.364;130.681;;;2.574;;;;;;1.698;;;;;
19;1499;Zagranica;250;199.451;194.164;48.114;146.043;-;4.562;35.672;30.544;1.697;274;28;57;28.875;174.986;29.036;181;174.805;1.235;647;464;-;173.570;58.343;32.259;9.475;21.767;797;7.956;26.573;15.948;;;186;;;;;;266;;;;;
21;1601;brzeski;80;72.717;55.778;22.564;33.211;23;152;17;16;2;-;-;-;14;33.224;14;-;33.224;909;661;226;-;32.315;10.645;7.074;898;1.068;1.240;1.861;7.166;1.964;166;;;;;116;;117;;;;;;
21;1602;głubczycki;53;38.598;29.857;14.117;15.740;21;92;6;6;-;-;-;-;6;15.743;6;-;15.743;552;375;155;-;15.191;6.581;3.694;369;501;561;774;1.629;841;73;;;;;40;;128;;;;;;
21;1603;kędzierzyńsko-kozielski;64;76.429;58.695;25.754;32.941;21;125;20;19;2;2;-;1;17;32.956;17;-;32.956;1.113;777;292;-;31.843;7.709;9.454;920;1.371;818;2.420;3.605;2.106;129;;;;;76;;3.235;;;;;;
21;1604;kluczborski;62;54.231;41.807;19.476;22.331;17;94;6;5;-;-;-;-;5;22.336;5;-;22.336;661;473;173;-;21.675;6.794;5.742;626;962;1.476;1.405;1.986;1.452;88;;;;;40;;1.104;;;;;;
21;1605;krapkowicki;58;52.323;39.986;20.614;19.372;8;88;4;3;-;-;-;-;3;19.368;3;-;19.368;711;492;193;-;18.657;3.554;5.140;604;844;343;829;2.068;1.181;221;;;;;23;;3.850;;;;;;
21;1606;namysłowski;56;34.589;26.577;11.385;15.192;6;72;8;8;-;-;-;-;8;15.198;8;-;15.198;462;314;134;-;14.736;5.207;4.088;438;631;1.017;981;1.348;817;66;;;;;25;;118;;;;;;
21;1607;nyski;126;114.889;88.701;39.229;49.471;40;294;31;31;3;1;-;-;27;49.488;27;11;49.477;1.512;1.081;397;-;47.965;16.639;11.158;1.278;1.525;2.862;3.455;7.564;2.925;226;;;;;77;;256;;;;;;
21;1608;oleski;58;53.730;40.951;19.339;21.612;11;199;10;10;-;-;-;-;10;21.621;10;-;21.621;889;508;279;-;20.732;5.867;4.542;642;851;1.106;1.686;2.017;1.531;91;;;;;44;;2.355;;;;;;
21;1609;opolski;125;108.005;82.398;39.999;42.399;19;177;22;22;1;-;-;-;21;42.408;21;-;42.408;1.548;1.060;373;-;40.860;8.242;10.615;1.189;1.550;1.064;1.991;4.885;3.010;239;;;;;91;;7.984;;;;;;
21;1610;prudnicki;72;45.538;35.133;16.209;18.924;12;85;10;10;-;-;-;-;10;18.933;10;-;18.933;548;389;154;-;18.385;5.580;4.187;448;639;622;884;2.872;923;70;;;;;40;;2.120;;;;;;
21;1611;strzelecki;73;63.042;48.379;24.503;23.876;7;85;16;16;-;-;-;-;16;23.887;16;-;23.887;900;583;260;-;22.987;5.100;6.125;618;987;413;1.246;2.310;1.302;99;;;;;45;;4.742;;;;;;
21;1661;Opole;73;94.840;74.281;20.557;53.722;31;494;50;49;7;-;2;-;40;53.732;40;40;53.692;790;452;296;-;52.902;12.008;16.912;2.172;2.417;942;5.309;5.083;6.100;304;;;;;134;;1.521;;;;;;
22;1801;bieszczadzki;30;17.985;13.934;6.630;7.304;2;147;5;5;1;-;-;-;4;7.307;4;1;7.306;237;160;55;19;7.069;3.111;1.290;211;246;564;583;632;374;33;25;;;;;;;;;;;;
22;1802;brzozowski;59;52.840;40.746;15.760;24.986;63;161;10;10;-;-;-;-;10;24.994;10;-;24.994;863;590;193;49;24.131;15.703;1.845;460;990;1.613;669;1.791;537;435;88;;;;;;;;;;;;
23;1803;dębicki;109;107.356;82.711;26.955;55.756;30;224;28;28;-;-;-;-;28;55.775;28;2;55.773;1.578;1.093;455;-;54.195;31.711;7.714;1.164;2.454;2.647;1.708;4.688;1.613;;301;;;;102;93;;;;;;;
22;1804;jarosławski;114;97.731;75.112;27.398;47.714;63;221;5;5;-;-;-;-;5;47.704;5;-;47.704;1.660;999;530;76;46.044;24.924;5.702;1.035;2.022;4.153;1.526;4.593;1.621;219;249;;;;;;;;;;;;
22;1805;jasielski;120;92.902;72.008;25.961;46.047;60;211;23;23;2;-;-;-;21;46.065;21;-;46.065;1.336;870;364;72;44.729;26.833;5.303;930;1.988;2.211;1.613;3.856;1.434;379;182;;;;;;;;;;;;
23;1806;kolbuszowski;64;49.697;38.478;14.462;24.016;23;84;12;12;-;-;-;-;12;24.028;12;-;24.028;683;458;198;-;23.345;15.543;1.702;410;1.318;1.200;571;1.896;487;;141;;;;54;23;;;;;;;
22;1807;krośnieński;103;90.507;69.540;25.952;43.588;31;604;32;32;1;-;-;-;31;43.607;31;-;43.607;1.322;900;345;57;42.285;23.508;5.085;936;1.753;2.907;1.636;4.327;1.520;398;215;;;;;;;;;;;;
23;1808;leżajski;53;55.511;42.904;14.818;28.086;39;120;3;3;-;-;-;-;3;28.085;3;-;28.085;648;441;206;-;27.437;19.169;2.682;437;1.104;615;839;1.852;566;;98;;;;41;34;;;;;;;
22;1809;lubaczowski;59;46.375;35.593;15.513;20.080;17;191;1;1;-;-;1;-;-;20.074;-;27;20.047;699;435;209;26;19.348;9.952;2.011;469;1.031;2.397;797;1.767;735;102;87;;;;;;;;;;;;
23;1810;łańcucki;57;63.486;48.658;13.612;35.046;31;195;7;4;-;-;-;-;4;35.040;4;3;35.037;801;553;239;-;34.236;22.166;2.963;737;1.395;1.229;1.237;2.986;1.182;;171;;;;107;63;;;;;;;
23;1811;mielecki;117;108.148;83.206;27.556;55.650;50;212;29;28;1;-;-;1;26;55.672;26;-;55.672;1.305;975;315;-;54.367;28.817;7.512;1.229;2.343;3.569;2.249;5.576;2.430;;470;;;;109;63;;;;;;;
23;1812;niżański;65;54.392;41.995;17.276;24.719;26;115;5;5;-;-;-;-;5;24.722;5;-;24.722;715;469;220;-;24.007;14.602;1.988;482;1.284;1.388;818;2.571;560;;116;;;;161;37;;;;;;;
22;1813;przemyski;96;59.744;45.999;19.773;26.226;20;148;10;8;-;-;-;-;8;26.230;8;1;26.229;1.065;718;260;64;25.164;13.391;3.966;501;984;1.755;1.023;2.518;723;176;127;;;;;;;;;;;;
22;1814;przeworski;72;63.768;48.681;17.604;31.076;62;152;5;5;-;-;-;-;5;31.071;5;-;31.071;1.112;757;281;46;29.959;16.244;2.680;606;1.229;4.559;914;2.386;1.076;121;144;;;;;;;;;;;;
23;1815;ropczycko-sędziszowski;69;57.948;44.597;13.164;31.433;26;110;-;-;-;-;-;-;-;31.429;-;-;31.429;928;639;248;-;30.501;20.398;1.974;388;1.002;2.313;650;2.823;626;;195;;;;93;39;;;;;;;
23;1816;rzeszowski;130;131.196;99.913;26.872;73.041;55;313;7;7;-;-;-;-;7;73.029;7;-;73.029;1.822;1.296;504;-;71.207;43.925;6.410;1.514;3.517;2.828;2.727;6.693;2.821;;427;;;;212;133;;;;;;;
22;1817;sanocki;73;76.971;59.603;24.950;34.652;34;212;10;8;1;-;-;-;7;34.650;7;1;34.649;1.020;697;260;57;33.629;16.728;5.355;1.016;1.308;2.072;2.310;2.925;1.625;130;160;;;;;;;;;;;;
23;1818;stalowowolski;83;86.079;66.379;24.765;41.614;27;230;19;19;1;-;-;-;18;41.623;18;-;41.623;1.122;806;277;-;40.501;21.441;5.268;888;2.200;3.452;1.641;4.013;1.303;;165;;;;90;40;;;;;;;
23;1819;strzyżowski;64;49.780;38.191;13.690;24.501;20;129;7;7;2;-;-;-;5;24.504;5;-;24.504;592;395;193;-;23.912;14.510;1.938;651;1.483;1.343;808;2.307;654;;134;;;;53;31;;;;;;;
23;1820;tarnobrzeski;48;43.635;33.823;13.562;20.261;34;62;7;7;1;-;-;-;6;20.264;6;-;20.264;684;466;204;-;19.580;10.069;4.057;413;810;941;742;1.928;467;;80;;;;35;38;;;;;;;
22;1821;leski;30;22.942;17.663;7.103;10.560;6;489;10;9;-;-;-;-;9;10.566;9;1;10.565;416;278;116;15;10.149;5.348;1.434;292;377;465;520;912;697;57;47;;;;;;;;;;;;
22;1861;Krosno;28;37.923;29.438;9.258;20.180;20;146;12;12;2;-;-;-;10;20.186;10;3;20.183;245;140;89;13;19.938;8.889;4.067;492;881;699;1.491;1.837;1.358;112;112;;;;;;;;;;;;
22;1862;Przemyśl;39;50.914;39.612;14.739;24.872;27;211;44;42;1;-;-;-;41;24.909;41;2;24.907;487;295;137;43;24.420;10.269;6.233;647;1.175;410;1.811;2.375;1.281;127;92;;;;;;;;;;;;
23;1863;Rzeszów;93;142.586;110.139;23.856;86.283;30;1.078;44;41;2;2;-;-;37;86.291;37;1;86.290;1.145;645;455;-;85.145;35.011;17.027;2.751;5.366;1.554;6.972;7.927;7.547;;555;;;;283;152;;;;;;;
23;1864;Tarnobrzeg;34;38.763;29.978;10.812;19.166;18;114;5;5;-;-;-;-;5;19.166;5;2;19.164;340;229;106;-;18.824;7.280;5.281;559;887;588;1.447;1.811;850;;66;;;;23;32;;;;;;;
24;2001;augustowski;45;47.279;36.333;16.446;19.887;14;246;5;5;-;-;-;-;5;19.892;5;-;19.892;609;362;163;75;19.283;8.754;3.504;461;626;2.059;881;1.975;826;;91;;;87;;19;;;;;;;
24;2002;białostocki;123;116.194;89.344;32.180;57.164;35;292;50;47;4;-;-;-;43;57.196;43;1;57.195;1.460;854;410;156;55.735;26.373;8.934;1.419;2.667;3.480;3.216;5.833;3.367;;315;;;59;;72;;;;;;;
24;2003;bielski;50;47.429;36.494;15.303;21.191;37;142;14;14;1;-;1;-;13;21.200;13;-;21.200;536;312;172;43;20.664;9.431;3.183;418;818;1.770;2.922;1.382;599;;99;;;22;;20;;;;;;;
24;2004;grajewski;43;38.653;29.950;14.637;15.313;4;80;2;2;-;-;-;-;2;15.313;2;2;15.311;561;368;146;35;14.750;7.020;2.023;296;438;2.024;453;1.997;386;;77;;;21;;15;;;;;;;
24;2005;hajnowski;47;38.564;29.881;14.290;15.591;7;116;4;4;-;-;-;-;4;15.590;4;2;15.588;532;342;135;50;15.056;2.674;3.330;515;822;2.752;3.018;1.232;608;;59;;;17;;29;;;;;;;
24;2006;kolneński;42;31.412;24.178;11.663;12.515;7;64;3;3;-;-;-;-;3;12.517;3;-;12.517;471;314;120;36;12.046;6.691;1.088;238;379;1.704;379;1.201;279;;52;;;18;;17;;;;;;;
24;2007;łomżyński;53;41.486;31.677;13.975;17.702;22;70;1;1;-;-;-;-;1;17.700;1;-;17.700;615;409;156;37;17.085;10.846;1.454;313;612;1.392;398;1.432;482;;87;;;44;;25;;;;;;;
24;2008;moniecki;32;34.391;26.213;12.855;13.358;15;67;2;2;1;-;-;-;1;13.355;1;-;13.355;436;294;104;34;12.919;6.540;1.400;249;507;2.139;412;1.198;387;;55;;;20;;12;;;;;;;
24;2009;sejneński;23;16.972;13.249;6.892;6.357;16;69;-;-;-;-;-;-;-;6.357;-;-;6.357;186;104;61;15;6.171;2.192;1.128;155;294;1.150;382;548;275;;22;;;17;;8;;;;;;;
24;2010;siemiatycki;48;38.550;29.835;13.878;15.957;16;153;5;5;-;-;-;-;5;15.962;5;1;15.961;481;329;127;25;15.480;6.991;2.394;290;592;1.640;1.753;961;728;;76;;;44;;11;;;;;;;
24;2011;sokólski;66;57.276;44.231;20.334;23.896;31;126;11;11;1;-;-;-;10;23.904;10;-;23.904;752;483;176;69;23.152;11.420;2.688;477;1.234;3.566;1.097;1.645;847;;98;;;41;;39;;;;;;;
24;2012;suwalski;33;29.076;22.280;10.331;11.949;8;100;3;3;-;-;-;-;3;11.950;3;-;11.950;420;273;107;33;11.530;5.069;1.510;283;514;1.818;555;1.320;336;;49;;;55;;21;;;;;;;
24;2013;wysokomazowiecki;60;47.208;36.456;12.919;23.538;23;124;3;2;-;-;-;-;2;23.533;2;-;23.533;571;357;164;40;22.962;15.753;1.893;349;654;1.695;614;1.274;549;;83;;;68;;30;;;;;;;
24;2014;zambrowski;45;35.967;28.195;12.080;16.115;16;71;4;4;-;-;-;-;4;16.116;4;1;16.115;419;273;115;28;15.696;9.098;1.779;290;555;1.264;533;1.296;778;;65;;;14;;24;;;;;;;
24;2061;Białystok;182;224.885;173.871;46.466;127.403;72;934;68;65;6;-;-;-;59;127.378;59;71;127.307;1.953;1.024;557;332;125.354;47.352;27.033;4.074;7.331;4.755;11.974;11.666;10.400;;581;;;59;;129;;;;;;;
24;2062;Łomża;32;48.473;37.706;14.512;23.194;19;146;10;9;-;-;-;-;9;23.198;9;-;23.198;423;214;166;43;22.775;11.530;4.110;637;942;616;1.499;1.949;1.266;;107;;;16;;103;;;;;;;
24;2063;Suwałki;37;53.895;42.372;17.117;25.255;27;171;9;7;-;-;-;-;7;25.258;7;-;25.258;548;347;130;64;24.710;9.841;5.443;794;1.312;1.292;1.929;2.600;1.248;;172;;;24;;55;;;;;;;
26;2201;bytowski;70;60.915;46.595;20.368;26.223;13;148;21;20;-;-;-;-;20;26.244;20;-;26.244;1.050;692;292;-;25.194;8.883;8.005;899;1.043;1.174;1.598;1.944;1.448;;200;;;;;;;;;;;;
26;2202;chojnicki;68;73.856;56.688;21.527;35.160;20;220;25;25;-;-;-;-;25;35.184;25;-;35.184;1.059;750;295;-;34.125;12.714;10.839;1.191;1.289;1.260;1.959;2.711;1.883;;279;;;;;;;;;;;;
26;2203;człuchowski;56;45.941;35.777;17.592;18.185;4;162;7;7;-;-;-;1;7;18.190;6;-;18.190;828;612;200;-;17.362;4.412;5.228;823;676;1.605;1.858;1.559;1.050;;151;;;;;;;;;;;;
25;2204;gdański;58;80.221;61.039;19.726;41.313;13;337;34;32;-;-;-;-;32;41.336;32;4;41.332;1.057;730;290;-;40.275;10.894;14.055;1.760;2.016;1.638;2.189;3.566;3.856;;301;;;;;;;;;;;;
26;2205;kartuski;75;93.161;70.563;20.431;50.132;22;424;18;18;-;-;-;-;18;50.137;18;-;50.137;1.661;1.203;438;-;48.476;19.393;14.276;1.442;1.800;3.103;1.396;3.299;3.499;;268;;;;;;;;;;;;
26;2206;kościerski;48;54.249;41.059;14.392;26.667;7;182;11;11;1;-;-;-;10;26.675;10;-;26.675;937;638;298;-;25.738;10.141;8.136;791;799;1.068;1.223;2.165;1.271;;144;;;;;;;;;;;;
25;2207;kwidzyński;65;64.062;49.313;22.509;26.800;15;137;7;6;-;-;-;-;6;26.806;6;-;26.806;1.055;740;293;-;25.751;8.105;7.986;964;1.222;878;2.715;2.102;1.584;;195;;;;;;;;;;;;
26;2208;lęborski;47;50.456;38.516;15.279;23.236;10;187;8;8;1;-;-;-;7;23.234;7;-;23.234;718;482;202;-;22.516;6.725;7.553;988;1.199;721;1.841;1.706;1.583;;200;;;;;;;;;;;;
25;2209;malborski;40;50.231;38.608;17.167;21.440;17;107;13;11;-;-;-;-;11;21.444;11;-;21.444;674;524;131;-;20.770;5.948;6.491;802;1.073;1.079;1.963;1.706;1.446;;262;;;;;;;;;;;;
25;2210;nowodworski;30;28.606;21.838;10.224;11.613;6;221;2;2;-;-;-;-;2;11.616;2;-;11.616;359;277;77;-;11.257;2.925;3.412;401;487;1.119;822;843;636;;612;;;;;;;;;;;;
26;2211;pucki;55;63.137;48.140;15.862;32.277;15;388;16;15;2;-;-;-;13;32.284;13;-;32.284;1.055;746;247;-;31.229;9.386;11.073;1.251;1.353;930;1.706;2.933;2.272;;325;;;;;;;;;;;;
26;2212;słupski;89;75.627;57.630;27.593;30.037;17;496;16;16;2;-;-;-;14;30.046;14;-;30.046;1.322;983;328;-;28.724;7.838;9.317;1.238;1.231;1.358;2.834;2.539;2.062;;307;;;;;;;;;;;;
25;2213;starogardzki;95;97.042;74.607;30.248;44.359;22;254;13;13;-;-;-;-;13;44.362;13;1;44.361;1.633;1.140;455;-;42.728;16.298;10.939;1.481;1.657;3.098;3.055;3.487;2.371;;342;;;;;;;;;;;;
25;2214;tczewski;77;87.979;67.296;27.260;40.037;21;174;13;13;1;-;-;-;12;40.040;12;3;40.037;1.304;972;275;-;38.733;13.090;12.359;1.559;1.899;1.584;2.312;3.240;2.431;;259;;;;;;;;;;;;
26;2215;wejherowski;118;154.290;117.078;34.903;82.175;33;401;47;46;2;-;-;-;44;82.197;44;1;82.196;2.482;1.729;707;-;79.714;25.888;25.390;3.327;3.923;2.170;4.685;7.319;6.410;;602;;;;;;;;;;;;
25;2216;sztumski;41;33.869;26.350;14.310;12.040;6;51;2;1;-;-;-;-;1;12.038;1;-;12.038;543;361;133;-;11.495;3.224;3.143;424;544;1.555;911;958;623;;113;;;;;;;;;;;;
25;2261;Gdańsk;226;358.090;274.238;55.125;219.071;81;3.647;202;188;6;-;2;1;180;219.181;180;8;219.173;2.646;1.574;998;-;216.527;60.812;82.117;8.819;11.576;1.822;13.003;13.634;23.692;;1.052;;;;;;;;;;;;
26;2262;Gdynia;121;191.818;150.441;30.989;119.432;75;1.509;147;137;12;-;1;1;123;119.527;123;88;119.439;1.662;994;609;-;117.777;30.179;44.042;5.366;5.787;1.177;7.957;8.801;13.813;;655;;;;;;;;;;;;
26;2263;Słupsk;47;73.001;56.369;19.796;36.573;20;222;21;20;-;1;-;-;19;36.574;19;3;36.571;748;490;250;-;35.823;10.136;12.272;1.599;1.575;497;3.914;2.433;3.051;;346;;;;;;;;;;;;
25;2264;Sopot;22;30.566;23.284;3.627;19.656;27;777;40;37;-;1;-;-;36;19.687;36;1;19.686;220;131;76;-;19.466;5.136;7.777;780;877;128;1.189;978;2.527;;74;;;;;;;;;;;;
26;2298;Statki (Gdynia);2;34;34;-;34;-;1;-;-;-;-;-;-;-;34;-;-;34;4;2;2;-;30;3;16;3;2;1;2;1;2;;-;;;;;;;;;;;;
25;2299;Statki (Gdańsk);3;132;155;23;132;-;18;-;-;-;-;-;-;-;132;-;-;132;3;2;1;-;129;34;26;2;15;3;9;22;18;;-;;;;;;;;;;;;
32;2401;będziński;106;121.711;92.979;30.284;62.694;21;249;27;26;2;-;-;-;24;62.706;24;2;62.704;1.460;1.075;355;-;61.244;16.521;15.177;2.801;2.990;1.103;9.627;6.346;6.679;;;;;;;;;;;;;;
27;2402;bielski;94;127.561;99.027;24.754;74.273;48;461;40;38;-;-;-;3;35;74.286;35;6;74.280;1.661;1.196;448;-;72.619;28.814;17.194;2.687;3.389;3.428;4.255;6.689;6.163;;;;;;;;;;;;;;
27;2403;cieszyński;127;141.556;110.275;34.730;75.545;60;1.060;72;70;1;-;-;-;69;75.584;69;-;75.584;1.900;1.307;548;-;73.684;25.284;19.646;2.906;3.338;2.501;6.845;7.219;5.945;;;;;;;;;;;;;;
28;2404;częstochowski;120;111.188;84.993;31.966;53.027;30;229;17;17;-;-;-;-;17;53.035;17;3;53.032;1.740;1.254;454;-;51.292;19.091;8.716;1.966;2.094;3.411;5.378;6.803;3.426;;273;;;;134;;;;;;;;
29;2405;gliwicki;76;91.240;69.384;25.659;43.725;9;159;7;6;-;-;-;-;6;43.720;6;-;43.720;1.286;901;348;-;42.434;14.392;11.281;1.674;2.036;1.952;2.435;5.179;3.272;;;;;;213;;;;;;;;
28;2406;kłobucki;71;70.075;53.221;20.954;32.259;19;156;7;7;-;-;-;-;7;32.256;7;1;32.255;1.118;863;236;-;31.137;11.526;5.047;1.134;1.336;4.204;2.708;3.456;1.462;;186;;;;78;;;;;;;;
28;2407;lubliniecki;60;62.683;48.523;19.661;28.861;20;192;12;11;-;-;-;-;11;28.863;11;1;28.862;910;644;241;-;27.952;11.377;6.342;907;1.073;1.226;1.404;3.801;1.545;;179;;;;98;;;;;;;;
30;2408;mikołowski;70;75.491;57.387;14.479;42.908;30;147;31;28;1;-;-;-;27;42.928;27;-;42.928;888;622;214;-;42.040;15.972;10.442;1.405;1.948;638;2.018;4.745;3.468;;;;1.292;;112;;;;;;;;
28;2409;myszkowski;55;58.501;44.575;17.652;26.923;18;195;13;11;-;-;-;-;11;26.931;11;1;26.930;773;541;193;-;26.157;9.583;5.264;927;1.315;1.512;2.924;2.791;1.560;;216;;;;65;;;;;;;;
27;2410;pszczyński;76;85.063;66.419;16.881;49.537;19;272;9;9;-;-;-;-;9;49.530;9;5;49.525;1.144;720;395;-;48.381;22.575;9.319;1.658;2.434;1.343;2.201;5.261;3.590;;;;;;;;;;;;;;
30;2411;raciborski;71;86.789;66.958;30.873;36.084;22;146;17;17;1;-;-;-;16;36.099;16;-;36.099;1.183;918;231;-;34.916;10.901;11.274;1.172;1.492;726;1.771;2.997;2.185;;;;2.317;;81;;;;;;;;
30;2412;rybnicki;48;60.365;45.449;13.977;31.472;9;57;29;28;1;-;-;-;27;31.494;27;-;31.494;933;661;270;-;30.561;13.631;6.523;1.011;1.248;585;1.519;3.491;1.621;;;;875;;57;;;;;;;;
29;2413;tarnogórski;93;111.132;85.264;28.345;56.919;24;232;46;46;-;-;-;-;46;56.957;45;1;56.956;1.383;959;375;-;55.573;19.730;14.637;2.078;2.793;2.116;3.097;5.905;4.975;;;;;;242;;;;;;;;
31;2414;bieruńsko-lędziński;41;46.029;35.048;9.036;26.011;29;112;15;15;-;-;-;-;15;26.027;15;20;26.007;659;414;234;-;25.348;12.414;4.537;967;1.299;332;961;2.813;1.392;;;;633;;;;;;;;;;
30;2415;wodzisławski;99;124.124;94.559;29.982;64.577;32;209;38;37;-;-;2;-;35;64.585;35;2;64.583;1.805;1.279;470;-;62.778;26.226;14.599;1.944;2.611;1.611;3.616;7.238;3.221;;;;1.524;;188;;;;;;;;
32;2416;zawierciański;103;99.314;75.489;26.808;48.681;30;276;17;17;1;-;-;-;16;48.691;16;-;48.691;1.138;891;221;-;47.553;15.992;11.526;1.641;2.030;3.015;4.875;5.825;2.649;;;;;;;;;;;;;;
27;2417;żywiecki;111;122.165;95.106;30.203;64.903;68;550;20;20;2;1;-;-;17;64.894;17;1;64.893;1.982;1.413;488;-;62.911;31.565;11.733;1.847;2.652;2.762;3.114;5.703;3.535;;;;;;;;;;;;;;
27;2461;Bielsko-Biała;80;136.003;106.831;26.049;80.778;32;587;95;92;1;1;-;-;91;80.819;91;15;80.804;1.111;708;395;-;79.693;28.092;21.614;3.459;3.975;1.499;5.707;6.698;8.649;;;;;;;;;;;;;;
29;2462;Bytom;80;128.087;98.585;39.152;59.433;21;228;43;41;3;-;-;1;37;59.457;37;-;59.457;1.360;967;370;-;58.097;17.420;15.746;2.640;2.938;1.349;4.557;8.628;4.521;;;;;;298;;;;;;;;
31;2463;Chorzów;64;84.759;65.370;23.356;42.012;23;151;115;114;12;-;-;-;102;42.111;102;1;42.110;849;581;222;-;41.261;10.953;13.114;1.812;2.440;349;2.848;4.649;3.463;;;;1.633;;;;;;;;;;
28;2464;Częstochowa;136;184.337;140.453;39.027;101.422;44;662;115;111;11;-;1;1;98;101.499;98;-;101.499;1.403;910;447;-;100.096;33.196;24.211;3.691;4.293;1.446;13.891;10.670;7.949;;524;;;;225;;;;;;;;
32;2465;Dąbrowa Górnicza;67;99.034;76.239;24.497;51.742;13;186;18;15;2;-;-;-;13;51.743;13;-;51.743;852;586;238;-;50.891;14.456;12.812;2.611;2.460;483;7.905;4.941;5.223;;;;;;;;;;;;;;
29;2466;Gliwice;120;144.230;111.411;32.270;79.141;47;461;81;75;20;-;-;-;55;79.170;55;-;79.170;1.363;835;480;-;77.807;21.347;24.521;3.106;4.248;1.032;6.108;7.913;9.255;;;;;;277;;;;;;;;
30;2467;Jastrzębie-Zdrój;45;71.566;54.935;16.423;38.503;12;103;8;8;-;-;-;-;8;38.503;8;-;38.503;904;603;243;-;37.599;17.152;7.410;1.215;1.531;455;2.653;5.086;1.601;;;;415;;81;;;;;;;;
32;2468;Jaworzno;46;74.586;56.886;18.338;38.548;21;145;29;29;2;-;-;-;27;38.568;27;2;38.566;836;544;263;-;37.730;13.045;9.517;1.493;1.916;1.117;3.481;4.187;2.974;;;;;;;;;;;;;;
31;2469;Katowice;169;239.517;186.950;49.772;137.157;51;1.258;166;155;6;-;1;-;148;137.261;148;2;137.259;2.161;1.323;761;-;135.098;39.255;42.028;5.723;7.498;1.454;9.902;11.280;14.841;;;;3.117;;;;;;;;;;
31;2470;Mysłowice;41;58.211;45.060;13.604;31.456;9;95;27;25;-;-;-;-;25;31.473;25;6;31.467;686;476;191;-;30.781;10.779;8.884;1.092;1.612;308;2.135;3.179;2.103;;;;689;;;;;;;;;;
31;2471;Piekary Śląskie;32;44.813;34.438;11.728;22.710;14;127;12;12;1;-;-;-;11;22.716;11;13;22.703;569;383;163;-;22.134;8.727;5.493;830;1.368;183;1.248;2.100;1.434;;;;751;;;;;;;;;;
31;2472;Ruda Śląska;78;109.992;83.794;27.518;56.276;19;181;26;26;1;-;-;-;25;56.288;25;1;56.287;1.293;930;340;-;54.994;20.607;13.806;2.069;2.713;407;3.551;6.849;3.384;;;;1.608;;;;;;;;;;
30;2473;Rybnik;70;108.789;83.837;25.469;58.367;18;254;24;23;-;-;-;-;23;58.382;23;3;58.379;1.199;811;317;-;57.180;21.467;14.705;1.933;2.909;739;4.006;6.418;3.694;;;;1.174;;135;;;;;;;;
31;2474;Siemianowice Śląskie;40;53.851;41.617;13.944;27.671;7;97;15;15;1;-;-;-;14;27.683;14;-;27.683;616;453;154;-;27.067;7.433;8.311;1.181;1.595;307;2.178;2.659;2.407;;;;996;;;;;;;;;;
32;2475;Sosnowiec;117;170.246;129.201;40.518;88.683;20;430;72;69;4;2;-;-;63;88.728;63;2;88.726;1.501;965;442;-;87.225;24.396;23.723;4.106;4.286;969;13.886;7.862;7.997;;;;;;;;;;;;;;
31;2476;Świętochłowice;26;39.775;30.430;12.324;18.105;6;45;11;10;-;2;-;-;8;18.111;8;-;18.111;401;288;91;-;17.710;5.611;5.271;773;965;192;1.243;1.928;1.138;;;;589;;;;;;;;;;
31;2477;Tychy;67;100.823;77.220;19.503;57.716;17;257;43;39;-;-;-;-;39;57.750;39;-;57.750;953;636;315;-;56.797;19.588;15.214;2.339;3.313;532;3.771;5.887;5.429;;;;724;;;;;;;;;;
29;2478;Zabrze;91;137.082;105.148;43.968;61.180;31;325;29;29;3;-;-;-;26;61.202;26;-;61.202;1.446;944;483;-;59.756;16.695;18.945;2.683;2.934;893;4.966;8.168;4.099;;;;;;373;;;;;;;;
30;2479;Żory;33;47.067;35.846;10.267;25.579;1;96;10;8;-;-;-;-;8;25.582;8;-;25.582;693;471;183;-;24.889;9.450;5.235;989;1.397;443;1.618;2.819;2.551;;;;331;;56;;;;;;;;
33;2601;buski;63;61.553;47.640;20.573;27.067;53;906;16;16;-;-;-;-;16;27.078;16;-;27.078;864;591;254;-;26.214;11.556;4.044;633;968;3.858;1.743;2.137;946;87;111;;;48;83;;;;;;;;
33;2602;jędrzejowski;75;71.295;54.428;23.180;31.248;18;196;7;7;-;-;-;-;7;31.252;7;-;31.252;1.044;786;224;-;30.208;14.731;4.025;839;1.011;3.458;2.069;2.733;1.031;100;109;;;39;63;;;;;;;;
33;2603;kazimierski;31;28.944;22.139;11.594;10.545;12;81;3;3;1;-;-;-;2;10.542;2;-;10.542;329;227;96;-;10.213;4.135;1.174;253;292;2.102;853;1.042;260;30;37;;;11;24;;;;;;;;
33;2604;kielecki;183;166.939;127.692;46.963;80.728;80;424;15;14;1;-;-;-;13;80.724;13;3;80.721;2.768;1.981;657;-;77.953;37.891;10.525;2.029;3.323;7.558;4.549;7.483;3.433;453;303;;;67;339;;;;;;;;
33;2605;konecki;74;68.606;52.528;21.983;30.545;47;211;7;7;-;-;-;-;7;30.550;7;-;30.550;1.110;797;288;-;29.440;14.451;4.435;689;1.035;2.180;2.714;2.441;1.092;158;121;;;20;104;;;;;;;;
33;2606;opatowski;53;44.797;34.352;14.676;19.676;37;110;10;10;-;-;-;-;10;19.682;10;-;19.682;932;605;320;-;18.750;7.705;1.969;439;539;4.483;1.096;1.848;396;136;84;;;22;33;;;;;;;;
33;2607;ostrowiecki;78;92.392;71.441;31.770;39.671;34;174;8;7;-;-;-;-;7;39.667;7;-;39.667;1.335;924;389;-;38.332;13.860;8.181;1.237;1.493;2.748;4.357;4.161;1.865;166;164;;;45;55;;;;;;;;
33;2608;pińczowski;35;34.181;26.284;12.470;13.814;11;106;8;6;-;-;-;-;6;13.818;6;-;13.818;376;265;98;-;13.442;5.772;2.262;405;558;1.689;1.153;1.048;407;56;47;;;26;19;;;;;;;;
33;2609;sandomierski;62;65.837;50.600;22.700;27.900;47;223;6;6;-;-;-;-;6;27.900;6;-;27.900;902;611;267;-;26.998;11.443;4.096;705;1.105;4.111;1.884;2.462;847;195;88;;;17;45;;;;;;;;
33;2610;skarżyski;57;64.218;49.460;19.119;30.341;33;152;19;18;1;1;-;-;16;30.352;16;-;30.352;767;575;167;-;29.585;12.282;7.130;953;1.110;1.232;2.259;2.842;1.430;107;125;;;48;67;;;;;;;;
33;2611;starachowicki;67;75.733;58.464;23.689;34.775;47;156;12;9;-;-;-;-;9;34.774;9;2;34.772;994;690;274;-;33.778;14.390;6.323;897;1.476;2.002;2.744;3.779;1.782;160;135;;;34;56;;;;;;;;
33;2612;staszowski;69;59.956;46.400;20.047;26.353;17;176;4;4;-;-;-;-;4;26.356;4;-;26.356;909;623;265;-;25.447;12.464;3.038;655;1.112;3.495;1.443;2.120;848;109;86;;;17;60;;;;;;;;
33;2613;włoszczowski;41;37.907;29.088;11.811;17.277;13;116;1;1;-;-;-;-;1;17.269;1;-;17.269;671;434;181;-;16.598;7.849;1.751;374;737;2.608;914;1.725;452;69;68;;;17;34;;;;;;;;
33;2661;Kielce;95;158.863;123.932;31.099;92.832;31;606;60;55;6;-;-;-;49;92.836;49;1;92.835;1.103;636;418;-;91.732;32.123;21.913;2.998;4.636;3.050;9.102;8.294;8.571;518;314;;;37;176;;;;;;;;
34;2801;bartoszycki;43;49.386;38.039;18.639;19.400;17;248;15;14;1;-;-;-;13;19.407;13;-;19.407;713;580;117;-;18.694;5.851;6.904;574;698;869;1.290;1.568;697;123;120;;;;;;;;;;;;
34;2802;braniewski;36;34.284;26.370;12.707;13.663;12;70;13;13;-;-;-;-;13;13.675;13;-;13.675;529;404;124;-;13.146;3.731;4.153;515;566;1.251;1.055;1.081;608;106;80;;;;;;;;;;;;
34;2803;działdowski;55;52.394;40.156;19.855;20.300;13;96;7;7;-;-;-;-;7;20.306;7;3;20.303;929;707;208;-;19.374;7.110;4.420;778;715;1.518;2.232;1.522;845;133;101;;;;;;;;;;;;
34;2804;elbląski;43;46.056;35.108;18.442;16.666;12;108;6;6;1;-;-;-;5;16.667;5;-;16.667;676;519;150;-;15.991;4.719;4.960;639;774;1.217;982;1.405;1.016;156;123;;;;;;;;;;;;
35;2805;ełcki;56;68.561;52.970;25.993;26.976;22;222;10;10;-;-;-;-;10;26.984;10;-;26.984;767;529;187;-;26.217;9.446;6.366;827;2.019;1.338;2.298;2.504;1.259;;160;;;;;;;;;;;;
35;2806;giżycki;50;45.987;35.478;16.492;18.986;10;203;11;7;-;-;-;-;7;18.987;7;-;18.987;628;478;129;-;18.359;4.871;5.612;712;1.033;1.677;1.559;1.695;1.067;;133;;;;;;;;;;;;
34;2807;iławski;70;73.188;56.809;26.409;30.400;15;214;22;17;-;-;-;-;17;30.416;17;-;30.416;1.132;847;265;-;29.284;9.628;7.610;1.064;1.647;2.943;2.119;2.416;1.417;260;180;;;;;;;;;;;;
35;2808;kętrzyński;60;52.516;40.783;21.604;19.178;15;135;17;15;4;-;-;-;11;19.188;11;-;19.188;661;507;139;-;18.527;5.518;5.081;694;768;1.452;1.973;1.972;928;;141;;;;;;;;;;;;
34;2809;lidzbarski;34;33.902;25.910;12.357;13.553;8;80;1;1;-;-;-;-;1;13.554;1;-;13.554;494;409;84;-;13.060;3.856;4.962;425;512;509;896;1.262;486;83;69;;;;;;;;;;;;
35;2810;mrągowski;41;40.315;31.075;14.504;16.572;16;168;8;8;-;-;-;-;8;16.576;8;3;16.573;584;413;149;-;15.989;4.741;4.330;589;828;1.749;1.248;1.472;926;;106;;;;;;;;;;;;
35;2811;nidzicki;31;26.614;20.430;10.236;10.194;14;72;2;2;-;-;-;-;2;10.195;2;-;10.195;460;347;88;-;9.735;3.681;2.099;312;381;1.450;696;702;365;;49;;;;;;;;;;;;
34;2812;nowomiejski;32;34.478;26.226;11.295;14.931;13;60;9;9;-;-;-;-;9;14.938;9;-;14.938;685;524;140;-;14.253;5.153;3.074;423;972;2.318;700;962;506;86;59;;;;;;;;;;;;
35;2813;olecki;39;27.099;20.933;11.009;9.924;10;95;8;7;1;-;-;-;6;9.928;6;-;9.928;266;170;88;-;9.662;3.275;2.117;366;436;697;1.269;1.003;420;;79;;;;;;;;;;;;
35;2814;olsztyński;130;97.792;75.006;33.759;41.247;12;351;34;28;4;-;1;-;29;41.271;29;3;41.268;1.448;1.009;366;-;39.820;10.755;11.046;1.520;1.850;3.931;3.066;3.739;3.530;;383;;;;;;;;;;;;
34;2815;ostródzki;85;83.895;64.028;31.383;32.645;19;307;13;11;1;-;-;-;10;32.652;10;-;32.652;1.185;857;298;-;31.467;9.059;9.578;1.228;1.337;1.856;2.810;2.803;2.334;222;240;;;;;;;;;;;;
35;2816;piski;44;45.610;35.041;17.275;17.766;7;217;10;8;1;-;-;-;7;17.771;7;-;17.771;811;617;180;-;16.960;6.399;3.061;533;768;2.778;1.144;1.478;691;;108;;;;;;;;;;;;
35;2817;szczycieński;73;56.427;43.123;20.539;22.581;12;282;8;8;-;-;-;-;8;22.588;8;1;22.587;971;692;226;-;21.616;7.505;4.801;751;908;2.698;1.599;2.040;1.176;;138;;;;;;;;;;;;
35;2818;gołdapski;23;21.843;17.009;9.102;7.907;6;170;7;7;-;-;-;-;7;7.914;7;-;7.914;242;183;56;-;7.672;2.120;1.920;203;260;1.666;605;592;260;;46;;;;;;;;;;;;
35;2819;węgorzewski;25;19.120;15.151;8.214;6.937;-;85;1;1;-;-;-;-;1;6.938;1;-;6.938;198;135;63;-;6.740;1.868;2.128;262;304;532;659;587;354;;46;;;;;;;;;;;;
34;2861;Elbląg;62;95.478;73.462;27.302;46.159;17;245;33;31;1;-;-;-;30;46.169;30;23;46.146;1.053;718;322;-;45.093;14.129;14.698;1.962;2.259;930;3.323;3.495;3.759;257;281;;;;;;;;;;;;
35;2862;Olsztyn;101;134.255;103.346;27.349;75.994;40;924;73;69;-;-;-;-;69;76.045;69;1;76.044;1.175;658;479;-;74.869;20.791;23.494;3.179;4.029;2.490;7.196;6.104;7.165;;421;;;;;;;;;;;;
38;3001;chodzieski;35;37.414;28.595;11.110;17.485;13;86;1;1;-;-;-;-;1;17.481;1;-;17.481;668;494;160;-;16.813;3.922;5.227;740;622;1.628;1.732;1.395;1.429;;118;;;;;;;;;;;;
38;3002;czarnkowsko-trzcianecki;69;68.703;52.441;22.442;29.999;17;143;12;11;-;-;-;-;11;30.005;11;-;30.005;1.275;885;281;-;28.730;8.554;9.434;1.163;1.154;1.564;2.244;2.524;1.886;;207;;;;;;;;;;;;
37;3003;gnieźnieński;91;114.074;87.103;31.096;56.006;25;262;64;62;2;-;-;-;60;56.047;60;3;56.044;2.037;1.455;488;-;54.007;16.859;12.892;1.718;2.188;2.382;9.634;4.484;3.850;;;;;;;;;;;;;;
36;3004;gostyński;56;60.627;46.213;20.291;25.922;13;80;27;27;-;-;-;-;27;25.937;27;1;25.936;1.230;900;283;-;24.706;8.601;5.517;778;1.184;2.201;2.165;2.427;1.487;145;150;;;51;;;;;;;;;
38;3005;grodziski;30;39.758;30.177;12.604;17.573;5;65;1;1;-;-;-;-;1;17.570;1;-;17.570;827;565;261;-;16.743;5.300;5.351;697;715;1.201;1.179;1.248;912;;140;;;;;;;;;;;;
36;3006;jarociński;41;56.678;43.108;17.066;26.042;7;90;14;13;-;-;-;-;13;26.052;13;-;26.052;1.032;721;300;-;25.020;9.677;5.550;868;880;2.143;1.915;2.175;1.475;158;146;;;33;;;;;;;;;
36;3007;kaliski;64;66.184;50.380;21.456;28.924;17;113;4;4;-;-;-;-;4;28.927;4;-;28.927;998;697;296;-;27.929;11.048;3.900;689;1.020;3.950;3.201;2.591;1.197;149;141;;;43;;;;;;;;;
36;3008;kępiński;43;44.741;34.131;11.546;22.585;15;100;9;6;-;-;1;-;5;22.584;5;1;22.583;843;699;135;-;21.740;5.797;5.509;394;644;6.277;892;1.138;932;59;74;;;24;;;;;;;;;
37;3009;kolski;62;71.260;54.123;23.320;30.803;15;134;11;11;-;-;-;1;10;30.811;10;-;30.811;1.232;826;335;-;29.579;13.831;4.530;1.082;1.164;2.459;2.554;2.524;1.435;;;;;;;;;;;;;;
37;3010;koniński;95;102.361;77.374;33.946;43.427;46;205;10;6;-;-;-;-;6;43.424;6;1;43.423;2.012;1.458;510;-;41.411;19.622;5.928;1.663;1.497;3.142;3.767;3.707;2.085;;;;;;;;;;;;;;
36;3011;kościański;56;62.858;47.814;18.029;29.785;15;143;8;8;-;-;-;-;8;29.791;8;-;29.791;1.310;928;325;-;28.481;8.031;7.983;901;1.151;2.459;2.516;1.907;3.209;132;159;;;33;;;;;;;;;
36;3012;krotoszyński;49;61.166;46.591;18.663;27.928;18;113;11;11;-;-;-;-;11;27.932;11;-;27.932;1.097;823;271;-;26.835;8.177;5.775;874;1.199;5.165;1.846;2.079;1.419;122;142;;;37;;;;;;;;;
36;3013;leszczyński;38;42.515;32.266;13.233;19.033;7;87;7;7;-;-;-;-;7;19.036;7;-;19.036;955;585;319;-;18.081;5.467;4.277;587;849;2.190;1.499;1.621;1.333;126;100;;;32;;;;;;;;;
38;3014;międzychodzki;22;29.188;22.157;9.392;12.765;3;71;5;5;-;-;-;-;5;12.770;5;-;12.770;592;436;126;-;12.178;2.783;3.819;506;380;969;2.119;799;674;;129;;;;;;;;;;;;
38;3015;nowotomyski;49;57.949;44.123;16.142;27.981;12;104;15;15;-;-;-;-;15;27.990;15;-;27.990;1.029;799;215;-;26.961;6.637;10.281;1.038;1.011;2.013;1.589;1.992;2.098;;302;;;;;;;;;;;;
38;3016;obornicki;43;45.557;34.644;13.430;21.213;11;117;9;9;1;-;-;-;8;21.219;8;-;21.219;723;586;124;-;20.496;5.454;6.152;840;833;1.424;2.056;1.861;1.691;;185;;;;;;;;;;;;
36;3017;ostrowski;109;129.204;98.496;34.996;63.500;25;225;37;35;-;-;-;-;35;63.527;35;-;63.527;2.144;1.574;560;-;61.383;21.064;16.017;2.053;2.633;5.733;4.028;5.115;3.995;316;371;;;58;;;;;;;;;
36;3018;ostrzeszowski;56;43.834;33.369;13.779;19.590;11;106;3;3;-;-;-;-;3;19.591;3;-;19.591;740;491;216;-;18.851;5.895;3.782;625;830;3.375;1.511;1.541;1.046;66;155;;;25;;;;;;;;;
38;3019;pilski;90;107.301;81.725;29.084;52.640;32;278;24;23;-;-;-;-;23;52.657;23;-;52.657;1.699;1.165;440;-;50.958;15.085;14.014;2.046;2.181;2.571;4.830;5.944;3.815;;472;;;;;;;;;;;;
36;3020;pleszewski;55;49.897;38.111;15.827;22.284;10;88;12;12;2;-;-;-;10;22.293;10;1;22.292;889;612;274;-;21.403;7.038;5.127;594;782;2.718;1.763;1.676;1.428;151;101;;;25;;;;;;;;;
39;3021;poznański;220;274.637;209.327;49.840;159.487;64;1.156;112;106;-;-;-;-;106;159.528;106;7;159.521;3.827;2.730;966;-;155.694;36.809;55.118;6.630;7.057;5.017;10.497;10.747;22.666;1.153;;;;;;;;;;;;;
36;3022;rawicki;45;48.014;36.899;16.280;20.619;8;85;3;3;-;-;-;-;3;20.621;3;-;20.621;932;691;239;-;19.689;5.584;5.536;648;975;2.027;1.798;1.482;1.278;146;119;;;96;;;;;;;;;
37;3023;słupecki;42;47.987;36.567;15.350;21.217;8;83;4;4;-;-;-;-;4;21.219;4;-;21.219;820;592;197;-;20.399;7.302;3.689;805;724;2.466;2.250;1.742;1.421;;;;;;;;;;;;;;
38;3024;szamotulski;54;71.617;54.692;20.683;34.009;36;206;17;17;2;-;-;-;15;34.014;15;2;34.012;1.428;1.009;336;-;32.584;8.578;11.055;1.353;1.192;1.836;3.310;2.723;2.272;;265;;;;;;;;;;;;
37;3025;średzki;39;44.876;34.045;12.491;21.554;3;101;8;8;-;-;-;-;8;21.557;8;2;21.555;794;530;255;-;20.761;6.057;4.960;906;1.059;1.417;1.960;2.036;2.366;;;;;;;;;;;;;;
37;3026;śremski;40;47.472;36.090;13.710;22.380;9;72;19;19;-;2;-;-;17;22.385;17;1;22.384;850;667;181;-;21.534;6.500;5.848;960;912;1.294;1.927;2.008;2.085;;;;;;;;;;;;;;
37;3027;turecki;62;67.517;51.399;20.123;31.274;29;142;18;17;-;-;-;-;17;31.286;17;1;31.285;1.132;801;298;-;30.153;13.665;4.400;1.208;1.141;3.451;2.493;2.474;1.321;;;;;;;;;;;;;;
38;3028;wągrowiecki;45;54.304;40.997;17.578;23.419;16;119;6;5;-;-;-;-;5;23.422;5;-;23.422;917;642;248;-;22.505;5.881;6.216;844;861;2.360;2.244;2.329;1.438;;332;;;;;;;;;;;;
38;3029;wolsztyński;40;44.313;33.680;12.464;21.216;16;131;5;5;-;-;-;-;5;21.216;5;-;21.216;943;690;251;-;20.273;5.221;5.915;640;1.089;2.491;1.745;1.643;1.365;;164;;;;;;;;;;;;
37;3030;wrzesiński;50;60.051;45.545;17.439;28.105;9;94;7;7;1;2;-;-;4;28.110;4;-;28.110;941;664;266;-;27.169;8.550;6.501;1.027;1.161;1.804;3.081;2.829;2.216;;;;;;;;;;;;;;
38;3031;złotowski;48;54.654;41.845;18.820;23.025;14;133;7;7;1;-;-;-;6;23.029;6;-;23.029;997;691;229;-;22.032;6.250;6.381;724;966;2.655;1.675;1.901;1.279;;201;;;;;;;;;;;;
36;3061;Kalisz;55;81.081;62.934;19.165;43.769;17;239;15;15;1;2;-;-;12;43.770;11;-;43.770;778;487;272;-;42.992;13.049;12.244;1.636;1.845;1.067;5.475;3.534;3.679;265;169;;;29;;;;;;;;;
37;3062;Konin;47;61.626;47.364;14.307;33.053;5;170;20;18;4;-;1;-;13;33.057;13;-;33.057;686;471;191;-;32.371;11.395;7.363;1.663;1.215;612;4.983;2.682;2.458;;;;;;;;;;;;;;
36;3063;Leszno;34;50.345;38.574;11.818;26.756;14;155;20;20;1;-;-;-;19;26.767;19;-;26.767;693;373;240;-;26.074;6.240;8.451;850;1.430;569;3.438;1.710;3.079;138;155;;;14;;;;;;;;;
39;3064;Poznań;256;418.109;323.062;65.426;257.591;107;5.224;352;318;12;-;-;4;302;257.732;302;43;257.689;3.497;2.193;1.179;-;254.192;61.166;91.023;12.224;12.491;2.792;22.583;14.078;36.721;1.114;;;;;;;;;;;;;
40;3201;białogardzki;36;38.184;29.454;14.490;14.964;7;74;8;8;-;-;-;-;8;14.967;8;-;14.967;659;477;167;-;14.308;4.592;4.019;574;499;647;1.546;1.182;1.249;;;;;;;;;;;;;;
40;3202;choszczeński;40;39.689;30.364;16.386;13.978;4;112;10;10;2;-;-;-;8;13.980;8;-;13.980;584;444;110;-;13.396;3.883;4.077;517;592;1.123;1.306;1.229;669;;;;;;;;;;;;;;
40;3203;drawski;55;46.785;36.156;17.976;18.180;21;103;28;15;-;-;-;-;15;18.194;15;-;18.194;720;555;154;-;17.474;4.931;5.077;694;660;995;2.158;1.724;1.235;;;;;;;;;;;;;;
41;3204;goleniowski;56;65.522;50.044;22.626;27.418;13;189;21;21;2;-;-;-;19;27.426;19;-;27.426;978;723;255;-;26.448;7.141;7.998;988;1.225;1.788;2.735;2.659;1.914;;;;;;;;;;;;;;
41;3205;gryficki;46;49.034;37.373;17.802;19.571;15;217;26;26;-;-;-;-;26;19.594;26;-;19.594;842;592;188;-;18.752;5.378;6.304;631;768;1.883;1.350;1.466;972;;;;;;;;;;;;;;
41;3206;gryfiński;59;65.874;50.151;24.266;25.885;18;147;15;14;1;-;-;-;13;25.896;13;4;25.892;1.095;799;264;-;24.797;8.493;7.404;861;1.367;1.032;1.908;2.296;1.436;;;;;;;;;;;;;;
41;3207;kamieński;45;39.067;29.436;13.317;16.119;7;468;11;11;-;-;-;-;11;16.125;11;-;16.125;539;389;147;-;15.586;4.183;5.498;567;621;834;1.330;1.276;1.277;;;;;;;;;;;;;;
40;3208;kołobrzeski;53;64.704;49.239;17.812;31.423;13;2.228;38;36;8;-;-;-;28;31.440;28;25;31.415;1.008;799;200;-;30.407;8.982;9.372;899;974;958;3.529;2.790;2.903;;;;;;;;;;;;;;
40;3209;koszaliński;61;52.215;39.726;17.932;21.795;4;297;11;11;-;-;-;-;11;21.804;11;-;21.804;985;739;229;-;20.819;5.597;6.033;908;1.050;1.248;2.108;2.163;1.712;;;;;;;;;;;;;;
41;3210;myśliborski;51;52.974;40.381;19.949;20.432;23;122;7;7;1;-;-;-;6;20.437;6;1;20.436;831;583;236;-;19.605;6.327;5.641;671;991;1.328;1.704;1.781;1.162;;;;;;;;;;;;;;
41;3211;policki;43;56.608;43.291;13.099;30.190;8;217;45;41;1;-;-;-;40;30.230;40;1;30.229;701;505;176;-;29.528;7.636;10.216;1.377;1.744;457;2.135;2.452;3.511;;;;;;;;;;;;;;
41;3212;pyrzycki;27;31.945;24.240;11.599;12.641;16;57;5;4;1;-;-;-;3;12.640;3;1;12.639;566;455;106;-;12.073;4.197;2.580;419;716;1.610;843;1.064;644;;;;;;;;;;;;;;
40;3213;sławieński;45;45.723;34.849;16.106;18.743;12;503;10;9;-;-;-;-;9;18.749;9;1;18.748;765;603;146;-;17.983;5.387;5.313;687;1.105;1.094;1.587;1.650;1.160;;;;;;;;;;;;;;
41;3214;stargardzki;73;94.871;72.272;29.885;42.387;36;267;18;16;-;-;-;-;16;42.392;16;1;42.391;1.581;1.151;427;-;40.810;12.043;12.847;1.485;2.300;1.817;3.730;3.827;2.761;;;;;;;;;;;;;;
40;3215;szczecinecki;51;61.965;47.422;21.335;26.087;23;192;14;14;-;-;-;-;14;26.097;14;-;26.097;1.002;748;217;-;25.095;8.416;7.097;911;1.232;735;2.445;2.043;2.216;;;;;;;;;;;;;;
40;3216;świdwiński;37;38.790;29.483;14.558;14.925;6;234;7;7;-;-;-;-;7;14.930;7;-;14.930;604;456;141;-;14.326;4.227;3.459;593;576;725;2.459;1.464;823;;;;;;;;;;;;;;
40;3217;wałecki;37;42.362;32.643;14.726;17.917;16;132;8;8;1;-;-;-;7;17.916;7;1;17.915;650;510;128;-;17.265;4.694;5.887;642;657;648;2.226;1.472;1.039;;;;;;;;;;;;;;
41;3218;łobeski;29;29.783;22.639;12.207;10.432;6;66;5;5;-;-;-;-;5;10.436;5;-;10.436;477;374;99;-;9.959;2.861;2.991;401;403;1.060;770;768;705;;;;;;;;;;;;;;
40;3261;Koszalin;54;84.986;65.651;18.831;46.818;30;383;38;36;4;-;-;-;32;46.836;32;2;46.834;890;638;246;-;45.944;11.323;14.928;2.041;2.327;799;5.333;4.711;4.482;;;;;;;;;;;;;;
41;3262;Szczecin;201;307.750;233.531;64.711;168.794;78;1.796;154;143;4;-;-;-;139;168.828;139;19;168.809;2.463;1.439;934;-;166.346;47.923;54.911;7.665;9.422;2.647;13.797;12.866;17.115;;;;;;;;;;;;;;
41;3263;Świnoujście;27;33.422;25.465;8.564;16.901;9;658;14;14;-;-;-;-;14;16.908;14;-;16.908;313;190;115;-;16.595;4.515;5.089;613;734;320;2.282;1.575;1.467;;;;;;;;;;;;;;